"DESCRIPTION","DURATION IN MS","NAME","PARENT SUITE","START TIME","STATUS","STOP TIME","SUB SUITE","SUITE","TEST CLASS","TEST METHOD"
"","5187","TC06 - Verify Employee Claims Filter by Date Range","Surefire suite","Fri May 08 16:14:20 UTC 2026","passed","Fri May 08 16:14:25 UTC 2026","project_orangehrm.Test.Claim_EmployeeClaims_Test","Surefire test","project_orangehrm.Test.Claim_EmployeeClaims_Test","verifyEmployeeClaims_FilterByDateRange_Success"
"","9010","TC04 - Verify Leave List Filter by Employee","Surefire suite","Fri May 08 16:13:32 UTC 2026","passed","Fri May 08 16:13:41 UTC 2026","project_orangehrm.Test.Leave_LeaveList_Test","Surefire test","project_orangehrm.Test.Leave_LeaveList_Test","verifyLeaveList_FilterByEmployee_Success"
"","26513","TC05 - Verify Schedule Interview Validation","Surefire suite","Fri May 08 16:13:16 UTC 2026","broken","Fri May 08 16:13:43 UTC 2026","project_orangehrm.Test.Recruitment_CandidateWorkflow_Test","Surefire test","project_orangehrm.Test.Recruitment_CandidateWorkflow_Test","verifyCandidate_ScheduleInterview_Validation"
"","10045","TC01 - Verify Dashboard Widget Toggle Visibility","Surefire suite","Fri May 08 16:11:04 UTC 2026","broken","Fri May 08 16:11:14 UTC 2026","project_orangehrm.Test.Dashboard_Advanced_Test","Surefire test","project_orangehrm.Test.Dashboard_Advanced_Test","verifyWidget_ToggleVisibility"
"","10044","TC01 - Generate Employee Performance Report","Surefire suite","Fri May 08 16:11:21 UTC 2026","broken","Fri May 08 16:11:31 UTC 2026","project_orangehrm.Test.Performance_Reports_Test","Surefire test","project_orangehrm.Test.Performance_Reports_Test","verifyPerformanceReport_Generate"
"","2452","TC06 - Cleanup Employee - Dev Ops Trem (ID: 0333)","Surefire suite","Fri May 08 16:21:46 UTC 2026","broken","Fri May 08 16:21:48 UTC 2026","project_orangehrm.TestCleaning.PIMTestCleaning","Surefire test","project_orangehrm.TestCleaning.PIMTestCleaning","cleanUpEmployee_DevOpsTrem"
"","18545","TC01 - Verify Event: Validate Empty Field","Surefire suite","Fri May 08 16:11:37 UTC 2026","passed","Fri May 08 16:11:55 UTC 2026","project_orangehrm.Test.Claim_Configuration_Test","Surefire test","project_orangehrm.Test.Claim_Configuration_Test","verifyEvent_Validate_Field"
"","1","TC03 - Verify Email Subscription Validation","Surefire suite","Fri May 08 16:11:26 UTC 2026","skipped","Fri May 08 16:11:26 UTC 2026","project_orangehrm.Test.Admin_Configuration_Test","Surefire test","project_orangehrm.Test.Admin_Configuration_Test","verifyEmailSubscription_EmptyFields_ShowError"
"","12362","TC12 - Cleanup Email Subscription - Automation Subscriber","Surefire suite","Fri May 08 16:23:32 UTC 2026","passed","Fri May 08 16:23:44 UTC 2026","project_orangehrm.TestCleaning.AdminTestCleaning","Surefire test","project_orangehrm.TestCleaning.AdminTestCleaning","cleanUpEmailSubscription"
"","3900","TC8 - Verify Directory Search by Sub Unit","Surefire suite","Fri May 08 16:14:40 UTC 2026","passed","Fri May 08 16:14:44 UTC 2026","project_orangehrm.Test.Directory_Test","Surefire test","project_orangehrm.Test.Directory_Test","verifyDirectory_SearchBySubUnit_Success"
"","11197","TC01 - Cleanup Candidate - E2E Candidate","Surefire suite","Fri May 08 16:21:01 UTC 2026","passed","Fri May 08 16:21:12 UTC 2026","project_orangehrm.TestCleaning.RecruitmentTestCleaning","Surefire test","project_orangehrm.TestCleaning.RecruitmentTestCleaning","cleanUpCandidate_E2ECandidate"
"","0","TC08 - Verify Search by User Role Filter","Surefire suite","Fri May 08 16:12:14 UTC 2026","skipped","Fri May 08 16:12:14 UTC 2026","project_orangehrm.Test.AdminUserManagementTest","Surefire test","project_orangehrm.Test.AdminUserManagementTest","verifyUserManagement_SearchByRole_Success"
"","3474","TC03 - Cleanup Vacancy - Senior Java SDET","Surefire suite","Fri May 08 16:21:36 UTC 2026","passed","Fri May 08 16:21:39 UTC 2026","project_orangehrm.TestCleaning.RecruitmentTestCleaning","Surefire test","project_orangehrm.TestCleaning.RecruitmentTestCleaning","cleanUpVacancy_SeniorJavaSDET"
"","5409","TC05 - Verify My Leave List Display","Surefire suite","Fri May 08 16:14:31 UTC 2026","passed","Fri May 08 16:14:36 UTC 2026","project_orangehrm.Test.Leave_ApplyLeave_Test","Surefire test","project_orangehrm.Test.Leave_ApplyLeave_Test","verifyMyLeave_ListDisplay_Success"
"","2442","TC01 - Cleanup Custom Field - Automation Badge ID","Surefire suite","Fri May 08 16:21:05 UTC 2026","passed","Fri May 08 16:21:08 UTC 2026","project_orangehrm.TestCleaning.PIMTestCleaning","Surefire test","project_orangehrm.TestCleaning.PIMTestCleaning","cleanUpCustomField_AutomationBadgeID"
"","28311","TC02 - Verify Leave Type Duplicate Validation","Surefire suite","Fri May 08 16:12:27 UTC 2026","passed","Fri May 08 16:12:55 UTC 2026","project_orangehrm.Test.Leave_Configuration_Test","Surefire test","project_orangehrm.Test.Leave_Configuration_Test","verifyLeaveType_Duplicate_Error"
"","22587","TC04 - Verify Custom Field Validation Errors","Surefire suite","Fri May 08 16:14:33 UTC 2026","failed","Fri May 08 16:14:55 UTC 2026","project_orangehrm.Test.PIM_Configuration_Test","Surefire test","project_orangehrm.Test.PIM_Configuration_Test","verifyCustomField_EmptyFields_ShowError"
"","53689","TC01 - Verify Maintenance Access Requires Password","Surefire suite","Fri May 08 16:10:59 UTC 2026","failed","Fri May 08 16:11:53 UTC 2026","project_orangehrm.Test.Maintenance_Authentication_Test","Surefire test","project_orangehrm.Test.Maintenance_Authentication_Test","verifyMaintenance_Access_Security"
"","1","TC03 - Verify validation error for empty Skill Name","Surefire suite","Fri May 08 16:12:41 UTC 2026","skipped","Fri May 08 16:12:41 UTC 2026","project_orangehrm.Test.Admin_Qualifications_Test","Surefire test","project_orangehrm.Test.Admin_Qualifications_Test","verifySkills_EmptyFields_ShowError"
"","3121","TC11 - Verify Termination Reason Validation","Surefire suite","Fri May 08 16:17:14 UTC 2026","passed","Fri May 08 16:17:17 UTC 2026","project_orangehrm.Test.PIM_Configuration_Test","Surefire test","project_orangehrm.Test.PIM_Configuration_Test","verifyTerminationReason_EmptyFields_ShowError"
"","9676","TC13 - Verify Search by Job Title","Surefire suite","Fri May 08 16:16:28 UTC 2026","passed","Fri May 08 16:16:38 UTC 2026","project_orangehrm.Test.Recruitment_CandidateWorkflow_Test","Surefire test","project_orangehrm.Test.Recruitment_CandidateWorkflow_Test","verifyCandidate_SearchByJobTitle_Success"
"","1","TC11 - Verify validation error for empty License Name","Surefire suite","Fri May 08 16:13:22 UTC 2026","skipped","Fri May 08 16:13:22 UTC 2026","project_orangehrm.Test.Admin_Qualifications_Test","Surefire test","project_orangehrm.Test.Admin_Qualifications_Test","verifyLicenses_EmptyFields_ShowError"
"","3779","TC12 - Verify Project Search by Project Name","Surefire suite","Fri May 08 16:16:36 UTC 2026","passed","Fri May 08 16:16:40 UTC 2026","project_orangehrm.Test.Time_ProjectInfo_Test","Surefire test","project_orangehrm.Test.Time_ProjectInfo_Test","verifyProject_SearchByName_Success"
"","16","TC02 - Verify Help Support Redirection","Surefire suite","Fri May 08 16:11:44 UTC 2026","passed","Fri May 08 16:11:44 UTC 2026","project_orangehrm.Test.Dashboard_Advanced_Test","Surefire test","project_orangehrm.Test.Dashboard_Advanced_Test","verifyHelp_IconPresence"
"","1","TC11 - Verify OAuth Client Validation Errors","Surefire suite","Fri May 08 16:12:12 UTC 2026","skipped","Fri May 08 16:12:12 UTC 2026","project_orangehrm.Test.Admin_Configuration_Test","Surefire test","project_orangehrm.Test.Admin_Configuration_Test","verifyOAuthClient_EmptyFields_ShowError"
"","0","TC08 - Verify Modules Page Load and Save","Surefire suite","Fri May 08 16:11:56 UTC 2026","skipped","Fri May 08 16:11:56 UTC 2026","project_orangehrm.Test.Admin_Configuration_Test","Surefire test","project_orangehrm.Test.Admin_Configuration_Test","verifyModules_Configuration_Save"
"","16538","TC11 - Verify updating Pay Grade Currency Salary","Surefire suite","Fri May 08 16:17:07 UTC 2026","passed","Fri May 08 16:17:23 UTC 2026","project_orangehrm.Test.AdminJobTest","Surefire test","project_orangehrm.Test.AdminJobTest","verifyPayGrade_UpdateCurrency_Success"
"","16164","TC05 - Verify My Reviews Filter by From Date","Surefire suite","Fri May 08 16:14:44 UTC 2026","broken","Fri May 08 16:15:00 UTC 2026","project_orangehrm.Test.Performance_MyReviews_Test","Surefire test","project_orangehrm.Test.Performance_MyReviews_Test","verifyMyReviews_FilterByFromDate_Success"
"","2774","TC16 - Verify Reset Search Filters","Surefire suite","Fri May 08 16:17:16 UTC 2026","passed","Fri May 08 16:17:19 UTC 2026","project_orangehrm.Test.Recruitment_CandidateWorkflow_Test","Surefire test","project_orangehrm.Test.Recruitment_CandidateWorkflow_Test","verifyCandidate_ResetFilters_Success"
"","5229","TC01 - Positive: Verify successful login with valid credentials","Surefire suite","Fri May 08 16:10:36 UTC 2026","passed","Fri May 08 16:10:42 UTC 2026","project_orangehrm.Test.LoginTest","Surefire test","project_orangehrm.Test.LoginTest","verifyLogin_ValidCredentials_Success"
"","2722","TC15 - Verify My Claims Filter by Status","Surefire suite","Fri May 08 16:17:37 UTC 2026","passed","Fri May 08 16:17:40 UTC 2026","project_orangehrm.Test.Claim_EmployeeClaims_Test","Surefire test","project_orangehrm.Test.Claim_EmployeeClaims_Test","verifyMyClaims_FilterByStatus_Success"
"","19118","TC03 - Verify Work Week Configuration Update","Surefire suite","Fri May 08 16:13:19 UTC 2026","broken","Fri May 08 16:13:38 UTC 2026","project_orangehrm.Test.Leave_Configuration_Test","Surefire test","project_orangehrm.Test.Leave_Configuration_Test","verifyWorkWeek_Update_Success"
"","20683","TC09 - Verify error when creating a duplicate Employment Status","Surefire suite","Fri May 08 16:16:03 UTC 2026","passed","Fri May 08 16:16:24 UTC 2026","project_orangehrm.Test.AdminJobTest","Surefire test","project_orangehrm.Test.AdminJobTest","verifyEmploymentStatus_DuplicateEntry_ShowError"
"","2209","TC14 - Verify My Claims Filter by Event","Surefire suite","Fri May 08 16:17:29 UTC 2026","passed","Fri May 08 16:17:32 UTC 2026","project_orangehrm.Test.Claim_EmployeeClaims_Test","Surefire test","project_orangehrm.Test.Claim_EmployeeClaims_Test","verifyMyClaims_FilterByEvent_Success"
"","11106","TC20 - Verify Manage Reviews Reset Filters","Surefire suite","Fri May 08 16:19:35 UTC 2026","broken","Fri May 08 16:19:46 UTC 2026","project_orangehrm.Test.Performance_MyReviews_Test","Surefire test","project_orangehrm.Test.Performance_MyReviews_Test","verifyManageReviews_ResetFilters_Success"
"","0","TC07 - Verify Social Media Authentication Lifecycle : Create, Verify, Delete","Surefire suite","Fri May 08 16:11:50 UTC 2026","skipped","Fri May 08 16:11:50 UTC 2026","project_orangehrm.Test.Admin_Configuration_Test","Surefire test","project_orangehrm.Test.Admin_Configuration_Test","verifySocialMediaAuthentication_Lifecycle_Success"
"","0","setup","Surefire suite","Fri May 08 16:12:47 UTC 2026","broken","Fri May 08 16:12:47 UTC 2026","project_orangehrm.Test.Time_Attendance_Test","Surefire test","project_orangehrm.Test.Time_Attendance_Test","setup"
"","4519","TC14 - Verify Search by Vacancy","Surefire suite","Fri May 08 16:16:46 UTC 2026","passed","Fri May 08 16:16:50 UTC 2026","project_orangehrm.Test.Recruitment_CandidateWorkflow_Test","Surefire test","project_orangehrm.Test.Recruitment_CandidateWorkflow_Test","verifyCandidate_SearchByVacancy_Success"
"","11752","TC01 - Assign Leave to Employee","Surefire suite","Fri May 08 16:10:34 UTC 2026","passed","Fri May 08 16:10:46 UTC 2026","project_orangehrm.Test.Leave_Operations_Test","Surefire test","project_orangehrm.Test.Leave_Operations_Test","verifyAssignLeave_Success"
"","27021","TC01 - Verify Punch Punch In/Out Workflow","Surefire suite","Fri May 08 16:10:42 UTC 2026","failed","Fri May 08 16:11:09 UTC 2026","project_orangehrm.Test.Time_Attendance_Test","Surefire test","project_orangehrm.Test.Time_Attendance_Test","verifyPunchIn_Out_Success"
"","14543","TC07 - Verify Dependent Delete","Surefire suite","Fri May 08 16:15:48 UTC 2026","passed","Fri May 08 16:16:02 UTC 2026","project_orangehrm.Test.PIM_EmployeeDetails_Test","Surefire test","project_orangehrm.Test.PIM_EmployeeDetails_Test","verifyDependent_Delete_Success"
"","30651","TC02 - Verify Supervisor Grading Employee Review","Surefire suite","Fri May 08 16:12:17 UTC 2026","broken","Fri May 08 16:12:48 UTC 2026","project_orangehrm.Test.Performance_Evaluation_Test","Surefire test","project_orangehrm.Test.Performance_Evaluation_Test","verifySupervisorReview_Submit_Success"
"","0","TC19 - Verify validation error for empty Membership Name","Surefire suite","Fri May 08 16:13:52 UTC 2026","skipped","Fri May 08 16:13:52 UTC 2026","project_orangehrm.Test.Admin_Qualifications_Test","Surefire test","project_orangehrm.Test.Admin_Qualifications_Test","verifyMemberships_EmptyFields_ShowError"
"","20259","TC18 - Verify updating an existing Work Shift","Surefire suite","Fri May 08 16:19:30 UTC 2026","passed","Fri May 08 16:19:51 UTC 2026","project_orangehrm.Test.AdminJobTest","Surefire test","project_orangehrm.Test.AdminJobTest","verifyWorkShift_Update_Success"
"","8661","TC02 - Verify My Claims History Search","Surefire suite","Fri May 08 16:10:50 UTC 2026","passed","Fri May 08 16:10:59 UTC 2026","project_orangehrm.Test.Claim_Advanced_Test","Surefire test","project_orangehrm.Test.Claim_Advanced_Test","verifyMyClaims_History"
"","2297","TC15 - Verify validation error for empty Job Category Name","Surefire suite","Fri May 08 16:18:36 UTC 2026","passed","Fri May 08 16:18:38 UTC 2026","project_orangehrm.Test.AdminJobTest","Surefire test","project_orangehrm.Test.AdminJobTest","verifyJobCategory_EmptyFields_ShowError"
"","5814","TC03 - Verify Project Add with Admin","Foundation_Suite","Fri May 08 16:09:20 UTC 2026","passed","Fri May 08 16:09:26 UTC 2026","project_orangehrm.Test.Time_ProjectInfo_Test","Foundation_Data_Seeding","project_orangehrm.Test.Time_ProjectInfo_Test","verifyProject_AddWithAdmin_Success"
"","5233","TC05 - Verify Employee Claims Search by Status","Surefire suite","Fri May 08 16:14:02 UTC 2026","passed","Fri May 08 16:14:07 UTC 2026","project_orangehrm.Test.Claim_EmployeeClaims_Test","Surefire test","project_orangehrm.Test.Claim_EmployeeClaims_Test","verifyEmployeeClaims_SearchByStatus_Success"
"","14799","TC09 - Verify error when creating a duplicate Unit ID","Surefire suite","Fri May 08 16:16:08 UTC 2026","passed","Fri May 08 16:16:23 UTC 2026","project_orangehrm.Test.AdminOrganizationTest","Surefire test","project_orangehrm.Test.AdminOrganizationTest","verifyStructure_DuplicateEntry_ShowError"
"","6606","TC06 - Verify Reporting Method Lifecycle: Create, Verify","Foundation_Suite","Fri May 08 16:07:16 UTC 2026","passed","Fri May 08 16:07:22 UTC 2026","project_orangehrm.Test.PIM_Configuration_Test","Foundation_Data_Seeding","project_orangehrm.Test.PIM_Configuration_Test","verifyReportingMethod_Lifecycle_Success"
"","78462","TC02 - Verify updating an existing Location","Surefire suite","Fri May 08 16:11:39 UTC 2026","passed","Fri May 08 16:12:58 UTC 2026","project_orangehrm.Test.AdminOrganizationTest","Surefire test","project_orangehrm.Test.AdminOrganizationTest","verifyLocation_Update_Success"
"","18752","TC03 - Verify Apply Leave with Half Day","Surefire suite","Fri May 08 16:13:19 UTC 2026","broken","Fri May 08 16:13:38 UTC 2026","project_orangehrm.Test.Leave_ApplyLeave_Test","Surefire test","project_orangehrm.Test.Leave_ApplyLeave_Test","verifyApplyLeave_HalfDay_Success"
"","2382","TC02 - Cleanup Pay Grade - Grade 5 - Executive","Surefire suite","Fri May 08 16:21:24 UTC 2026","passed","Fri May 08 16:21:27 UTC 2026","project_orangehrm.TestCleaning.AdminTestCleaning","Surefire test","project_orangehrm.TestCleaning.AdminTestCleaning","cleanUpPayGrade"
"","12523","TC02 - Verify Add Entitlement Validation","Surefire suite","Fri May 08 16:11:25 UTC 2026","passed","Fri May 08 16:11:38 UTC 2026","project_orangehrm.Test.Leave_Entitlements_Test","Surefire test","project_orangehrm.Test.Leave_Entitlements_Test","verifyAddEntitlement_Validation_Error"
"","13508","TC06 - Verify Leave List Filter by Sub Unit","Surefire suite","Fri May 08 16:14:22 UTC 2026","broken","Fri May 08 16:14:36 UTC 2026","project_orangehrm.Test.Leave_LeaveList_Test","Surefire test","project_orangehrm.Test.Leave_LeaveList_Test","verifyLeaveList_FilterBySubUnit_Success"
"","11940","TC01 - Verify Admin Assigning Claim to Employee","Foundation_Suite","Fri May 08 16:08:26 UTC 2026","passed","Fri May 08 16:08:38 UTC 2026","project_orangehrm.Test.Claim_Advanced_Test","Foundation_Data_Seeding","project_orangehrm.Test.Claim_Advanced_Test","verifyAssignClaim_Success"
"","1","setup","Surefire suite","Fri May 08 16:11:04 UTC 2026","failed","Fri May 08 16:11:04 UTC 2026","project_orangehrm.Test.Admin_Configuration_Test","Surefire test","project_orangehrm.Test.Admin_Configuration_Test","setup"
"","49825","TC02 - Verify Vacancy Lifecycle: Create, Verify, Edit, Delete","Surefire suite","Fri May 08 16:11:22 UTC 2026","failed","Fri May 08 16:12:12 UTC 2026","project_orangehrm.Test.Recruitment_Vacancies_Test","Surefire test","project_orangehrm.Test.Recruitment_Vacancies_Test","verifyVacancy_Lifecycle_Edit"
"","21831","TC02 - Generate Employee Report","Surefire suite","Fri May 08 16:12:20 UTC 2026","passed","Fri May 08 16:12:42 UTC 2026","project_orangehrm.Test.Time_Reports_Test","Surefire test","project_orangehrm.Test.Time_Reports_Test","verifyEmployeeReport_Generate"
"","13907","TC01 - Verify Leave List Display","Surefire suite","Fri May 08 16:11:26 UTC 2026","passed","Fri May 08 16:11:40 UTC 2026","project_orangehrm.Test.Leave_LeaveList_Test","Surefire test","project_orangehrm.Test.Leave_LeaveList_Test","verifyLeaveList_Display_Success"
"","11618","TC08 - Verify Employee Claims Reject Action","Surefire suite","Fri May 08 16:15:21 UTC 2026","passed","Fri May 08 16:15:33 UTC 2026","project_orangehrm.Test.Claim_EmployeeClaims_Test","Surefire test","project_orangehrm.Test.Claim_EmployeeClaims_Test","verifyEmployeeClaims_Reject_Success"
"","2208","TC05 - Verify Directory Reset Filters","Surefire suite","Fri May 08 16:13:42 UTC 2026","passed","Fri May 08 16:13:45 UTC 2026","project_orangehrm.Test.Directory_Test","Surefire test","project_orangehrm.Test.Directory_Test","verifyDirectory_ResetFilters_Success"
"","12298","TC11 - Verify Employee Claims Cancel Action","Surefire suite","Fri May 08 16:16:40 UTC 2026","broken","Fri May 08 16:16:52 UTC 2026","project_orangehrm.Test.Claim_EmployeeClaims_Test","Surefire test","project_orangehrm.Test.Claim_EmployeeClaims_Test","verifyEmployeeClaims_Cancel_Success"
"","2644","TC04 - Cleanup Job Category - Professionals - QA Engineer","Surefire suite","Fri May 08 16:21:44 UTC 2026","passed","Fri May 08 16:21:47 UTC 2026","project_orangehrm.TestCleaning.AdminTestCleaning","Surefire test","project_orangehrm.TestCleaning.AdminTestCleaning","cleanUpJobCategory"
"","16239","TC03 - Verify My Reviews Filter by Status","Surefire suite","Fri May 08 16:13:34 UTC 2026","broken","Fri May 08 16:13:51 UTC 2026","project_orangehrm.Test.Performance_MyReviews_Test","Surefire test","project_orangehrm.Test.Performance_MyReviews_Test","verifyMyReviews_FilterByStatus_Success"
"","15427","TC01 - Verify Vacancy Lifecycle: Create, Verify","Foundation_Suite","Fri May 08 16:09:43 UTC 2026","passed","Fri May 08 16:09:59 UTC 2026","project_orangehrm.Test.Recruitment_Vacancies_Test","Foundation_Data_Seeding","project_orangehrm.Test.Recruitment_Vacancies_Test","verifyVacancy_Lifecycle_Success"
"","5800","TC02 - Verify Empty Post Validation","Surefire suite","Fri May 08 16:12:43 UTC 2026","passed","Fri May 08 16:12:49 UTC 2026","project_orangehrm.Test.Buzz_Features_Test","Surefire test","project_orangehrm.Test.Buzz_Features_Test","verifyEmptyPost_Error"
"","0","TC05 - Verify Education Level Lifecycle: Create","Surefire suite","Fri May 08 16:12:52 UTC 2026","skipped","Fri May 08 16:12:52 UTC 2026","project_orangehrm.Test.Admin_Qualifications_Test","Surefire test","project_orangehrm.Test.Admin_Qualifications_Test","verifyEducation_Lifecycle_Success"
"","7436","TC12 - Verify Search by Status","Surefire suite","Fri May 08 16:16:08 UTC 2026","passed","Fri May 08 16:16:15 UTC 2026","project_orangehrm.Test.Recruitment_CandidateWorkflow_Test","Surefire test","project_orangehrm.Test.Recruitment_CandidateWorkflow_Test","verifyCandidate_SearchByStatus_Success"
"","13491","TC08 - Verify Leave Reject Action","Surefire suite","Fri May 08 16:15:25 UTC 2026","broken","Fri May 08 16:15:38 UTC 2026","project_orangehrm.Test.Leave_LeaveList_Test","Surefire test","project_orangehrm.Test.Leave_LeaveList_Test","verifyLeaveList_Reject_Success"
"","11960","TC04 - Cleanup Candidate - Workflow Candidate","Surefire suite","Fri May 08 16:21:45 UTC 2026","passed","Fri May 08 16:21:57 UTC 2026","project_orangehrm.TestCleaning.RecruitmentTestCleaning","Surefire test","project_orangehrm.TestCleaning.RecruitmentTestCleaning","cleanUpCandidate_WorkflowCandidate"
"","2002","TC04 - Cleanup Employee - Script Automation Tester (ID: 77777)","Surefire suite","Fri May 08 16:21:28 UTC 2026","passed","Fri May 08 16:21:30 UTC 2026","project_orangehrm.TestCleaning.PIMTestCleaning","Surefire test","project_orangehrm.TestCleaning.PIMTestCleaning","cleanUpEmployee_ScriptAutomationTester"
"","18067","TC04 - Verify Apply Leave Balance Check","Surefire suite","Fri May 08 16:13:57 UTC 2026","broken","Fri May 08 16:14:15 UTC 2026","project_orangehrm.Test.Leave_ApplyLeave_Test","Surefire test","project_orangehrm.Test.Leave_ApplyLeave_Test","verifyApplyLeave_BalanceDisplay"
"","20277","TC02 - Negative: Verify error message when logging in with invalid credentials","Surefire suite","Fri May 08 16:10:47 UTC 2026","passed","Fri May 08 16:11:08 UTC 2026","project_orangehrm.Test.LoginTest","Surefire test","project_orangehrm.Test.LoginTest","verifyLogin_InvalidCredentials_ShowError"
"","0","TC16 - Verify error when creating a duplicate Language","Surefire suite","Fri May 08 16:13:41 UTC 2026","skipped","Fri May 08 16:13:41 UTC 2026","project_orangehrm.Test.Admin_Qualifications_Test","Surefire test","project_orangehrm.Test.Admin_Qualifications_Test","verifyLanguages_DuplicateEntry_ShowError"
"","12904","TC11 - Verify Delete Candidate","Surefire suite","Fri May 08 16:15:42 UTC 2026","broken","Fri May 08 16:15:55 UTC 2026","project_orangehrm.Test.Recruitment_CandidateWorkflow_Test","Surefire test","project_orangehrm.Test.Recruitment_CandidateWorkflow_Test","verifyCandidate_Delete_Success"
"","2","setup","Surefire suite","Fri May 08 16:11:17 UTC 2026","failed","Fri May 08 16:11:17 UTC 2026","project_orangehrm.Test.Dashboard_Widgets_Test","Surefire test","project_orangehrm.Test.Dashboard_Widgets_Test","setup"
"","3137","TC12 - Verify Employee Claims Reset Filters","Surefire suite","Fri May 08 16:16:58 UTC 2026","passed","Fri May 08 16:17:02 UTC 2026","project_orangehrm.Test.Claim_EmployeeClaims_Test","Surefire test","project_orangehrm.Test.Claim_EmployeeClaims_Test","verifyEmployeeClaims_ResetFilters_Success"
"","22621","TC04 - Verify Emergency Contact Add","Surefire suite","Fri May 08 16:13:59 UTC 2026","passed","Fri May 08 16:14:22 UTC 2026","project_orangehrm.Test.PIM_EmployeeDetails_Test","Surefire test","project_orangehrm.Test.PIM_EmployeeDetails_Test","verifyEmergencyContact_Add_Success"
"","1","TC02 - Verify Quick Launch Shortcuts Redirection","Surefire suite","Fri May 08 16:11:27 UTC 2026","skipped","Fri May 08 16:11:27 UTC 2026","project_orangehrm.Test.Dashboard_Widgets_Test","Surefire test","project_orangehrm.Test.Dashboard_Widgets_Test","verifyQuickLaunch_Navigation"
"","2876","TC06 - Cleanup Location - Cairo Innovation Hub","Surefire suite","Fri May 08 16:22:03 UTC 2026","passed","Fri May 08 16:22:06 UTC 2026","project_orangehrm.TestCleaning.AdminTestCleaning","Surefire test","project_orangehrm.TestCleaning.AdminTestCleaning","cleanUpLocation"
"","15085","TC02 - Verify Leave List Filter by Date","Surefire suite","Fri May 08 16:12:12 UTC 2026","passed","Fri May 08 16:12:27 UTC 2026","project_orangehrm.Test.Leave_LeaveList_Test","Surefire test","project_orangehrm.Test.Leave_LeaveList_Test","verifyLeaveList_FilterByDate_Success"
"","17166","TC08 - Add Immigration Document (Passport)","Surefire suite","Fri May 08 16:16:14 UTC 2026","passed","Fri May 08 16:16:32 UTC 2026","project_orangehrm.Test.PIM_EmployeeDetails_Test","Surefire test","project_orangehrm.Test.PIM_EmployeeDetails_Test","addImmigrationDocument_Passport_Success"
"","13756","TC09 - Verify Leave Cancel Action","Surefire suite","Fri May 08 16:15:54 UTC 2026","broken","Fri May 08 16:16:08 UTC 2026","project_orangehrm.Test.Leave_LeaveList_Test","Surefire test","project_orangehrm.Test.Leave_LeaveList_Test","verifyLeaveList_Cancel_Success"
"","0","TC10 - Verify Duplicate Username Error","Surefire suite","Fri May 08 16:12:28 UTC 2026","skipped","Fri May 08 16:12:28 UTC 2026","project_orangehrm.Test.AdminUserManagementTest","Surefire test","project_orangehrm.Test.AdminUserManagementTest","verifyUserManagement_DuplicateUsername_ShowError"
"","26457","TC04 - Verify error when creating a duplicate Location Name","Surefire suite","Fri May 08 16:13:50 UTC 2026","passed","Fri May 08 16:14:16 UTC 2026","project_orangehrm.Test.AdminOrganizationTest","Surefire test","project_orangehrm.Test.AdminOrganizationTest","verifyLocation_DuplicateEntry_ShowError"
"","3116","TC12 - Verify Leave List Reset Filters","Surefire suite","Fri May 08 16:17:09 UTC 2026","passed","Fri May 08 16:17:12 UTC 2026","project_orangehrm.Test.Leave_LeaveList_Test","Surefire test","project_orangehrm.Test.Leave_LeaveList_Test","verifyLeaveList_ResetFilters_Success"
"","0","TC08 - Verify error when creating a duplicate Education Level","Surefire suite","Fri May 08 16:13:08 UTC 2026","skipped","Fri May 08 16:13:08 UTC 2026","project_orangehrm.Test.Admin_Qualifications_Test","Surefire test","project_orangehrm.Test.Admin_Qualifications_Test","verifyEducation_DuplicateEntry_ShowError"
"","67471","TC03 - Verify Report Lifecycle: Create, Verify, Edit, Delete","Surefire suite","Fri May 08 16:12:18 UTC 2026","broken","Fri May 08 16:13:25 UTC 2026","project_orangehrm.Test.PIM_Reports_Test","Surefire test","project_orangehrm.Test.PIM_Reports_Test","verifyReport_Lifecycle_Edit"
"","0","TC13 - Verify Language Lifecycle: Create","Surefire suite","Fri May 08 16:13:31 UTC 2026","skipped","Fri May 08 16:13:31 UTC 2026","project_orangehrm.Test.Admin_Qualifications_Test","Surefire test","project_orangehrm.Test.Admin_Qualifications_Test","verifyLanguages_Lifecycle_Success"
"","0","setup","Surefire suite","Fri May 08 16:12:01 UTC 2026","failed","Fri May 08 16:12:01 UTC 2026","project_orangehrm.Test.Leave_Entitlements_Test","Surefire test","project_orangehrm.Test.Leave_Entitlements_Test","setup"
"","1","setup","Surefire suite","Fri May 08 16:12:41 UTC 2026","failed","Fri May 08 16:12:41 UTC 2026","project_orangehrm.Test.Admin_Qualifications_Test","Surefire test","project_orangehrm.Test.Admin_Qualifications_Test","setup"
"","11274","TC01 - Cleanup Job Title - Principal SDET Engineer","Surefire suite","Fri May 08 16:21:06 UTC 2026","passed","Fri May 08 16:21:18 UTC 2026","project_orangehrm.TestCleaning.AdminTestCleaning","Surefire test","project_orangehrm.TestCleaning.AdminTestCleaning","cleanUpJobTitle"
"","3449","TC13 - Verify Employee Trackers Filter by Employee","Surefire suite","Fri May 08 16:17:41 UTC 2026","passed","Fri May 08 16:17:45 UTC 2026","project_orangehrm.Test.Performance_MyReviews_Test","Surefire test","project_orangehrm.Test.Performance_MyReviews_Test","verifyEmployeeTrackers_FilterByEmployee_Success"
"","11202","TC09 - Cleanup License - ISTQB Foundation","Surefire suite","Fri May 08 16:22:38 UTC 2026","passed","Fri May 08 16:22:50 UTC 2026","project_orangehrm.TestCleaning.AdminTestCleaning","Surefire test","project_orangehrm.TestCleaning.AdminTestCleaning","cleanUpLicense"
"","1","setup","Surefire suite","Fri May 08 16:13:24 UTC 2026","failed","Fri May 08 16:13:24 UTC 2026","project_orangehrm.Test.PIM_Employee_Test","Surefire test","project_orangehrm.Test.PIM_Employee_Test","setup"
"","7239","TC01 - Verify About Modal Popup","Surefire suite","Fri May 08 16:11:10 UTC 2026","passed","Fri May 08 16:11:18 UTC 2026","project_orangehrm.Test.Dashboard_UserActions_Test","Surefire test","project_orangehrm.Test.Dashboard_UserActions_Test","verifyUserMenu_AboutInfo"
"","1","setup","Surefire suite","Fri May 08 16:11:15 UTC 2026","failed","Fri May 08 16:11:15 UTC 2026","project_orangehrm.Test.Admin_Nationalities_Test","Surefire test","project_orangehrm.Test.Admin_Nationalities_Test","setup"
"","9112","TC03 - Verify Employee Claims Search by Reference ID","Surefire suite","Fri May 08 16:13:06 UTC 2026","passed","Fri May 08 16:13:15 UTC 2026","project_orangehrm.Test.Claim_EmployeeClaims_Test","Surefire test","project_orangehrm.Test.Claim_EmployeeClaims_Test","verifyEmployeeClaims_SearchByReferenceId_Success"
"","0","setup","Surefire suite","Fri May 08 16:12:57 UTC 2026","broken","Fri May 08 16:12:57 UTC 2026","project_orangehrm.Test.Time_Timesheets_Test","Surefire test","project_orangehrm.Test.Time_Timesheets_Test","setup"
"","18987","TC01 - Verify My Timesheet: Add Row, Edit Hours, Save","Surefire suite","Fri May 08 16:11:30 UTC 2026","broken","Fri May 08 16:11:49 UTC 2026","project_orangehrm.Test.Time_Timesheets_Test","Surefire test","project_orangehrm.Test.Time_Timesheets_Test","verifyMyTimesheet_EditAndSave"
"","10014","TC02 - Cleanup Post - Updated Text","Surefire suite","Fri May 08 16:21:08 UTC 2026","passed","Fri May 08 16:21:18 UTC 2026","project_orangehrm.TestCleaning.BuzzTestCleaning","Surefire test","project_orangehrm.TestCleaning.BuzzTestCleaning","cleanUpPost_UpdatedText"
"","13122","TC14 - Verify Employee Trackers Add Log","Surefire suite","Fri May 08 16:17:51 UTC 2026","broken","Fri May 08 16:18:04 UTC 2026","project_orangehrm.Test.Performance_MyReviews_Test","Surefire test","project_orangehrm.Test.Performance_MyReviews_Test","verifyEmployeeTrackers_AddLog_Success"
"","7620","TC01 - Positive: Verify Admin User Lifecycle: Create, Search","Foundation_Suite","Fri May 08 16:07:40 UTC 2026","passed","Fri May 08 16:07:47 UTC 2026","project_orangehrm.Test.AdminUserManagementTest","Foundation_Data_Seeding","project_orangehrm.Test.AdminUserManagementTest","verifyUserManagement_Lifecycle_Success"
"","0","TC02 - Verify Reset Search Filters","Surefire suite","Fri May 08 16:12:05 UTC 2026","skipped","Fri May 08 16:12:05 UTC 2026","project_orangehrm.Test.Recruitment_Search_And_Data_Test","Surefire test","project_orangehrm.Test.Recruitment_Search_And_Data_Test","verifySearch_Reset_Success"
"","11527","TC11 - Verify My Trackers Delete Log","Surefire suite","Fri May 08 16:17:15 UTC 2026","broken","Fri May 08 16:17:26 UTC 2026","project_orangehrm.Test.Performance_MyReviews_Test","Surefire test","project_orangehrm.Test.Performance_MyReviews_Test","verifyMyTrackers_DeleteLog_Success"
"","10361","TC20 - Verify error when creating a duplicate Work Shift","Surefire suite","Fri May 08 16:20:04 UTC 2026","passed","Fri May 08 16:20:14 UTC 2026","project_orangehrm.Test.AdminJobTest","Surefire test","project_orangehrm.Test.AdminJobTest","verifyWorkShift_DuplicateEntry_ShowError"
"","15104","TC02 - Negative: Verify validation errors for all required fields in User Form","Surefire suite","Fri May 08 16:11:08 UTC 2026","passed","Fri May 08 16:11:23 UTC 2026","project_orangehrm.Test.AdminUserManagementTest","Surefire test","project_orangehrm.Test.AdminUserManagementTest","verifyUserManagement_EmptyFields_ShowError"
"","16968","TC18 - Verify Manage Reviews Activate Review","Surefire suite","Fri May 08 16:18:50 UTC 2026","broken","Fri May 08 16:19:07 UTC 2026","project_orangehrm.Test.Performance_MyReviews_Test","Surefire test","project_orangehrm.Test.Performance_MyReviews_Test","verifyManageReviews_Activate_Success"
"","6595","TC03 - Verify Directory Search by Location","Surefire suite","Fri May 08 16:12:52 UTC 2026","passed","Fri May 08 16:12:58 UTC 2026","project_orangehrm.Test.Directory_Test","Surefire test","project_orangehrm.Test.Directory_Test","verifyDirectory_SearchByLocation_Success"
"","1","TC03 - Verify Nationality Validation: Empty Field","Surefire suite","Fri May 08 16:11:31 UTC 2026","skipped","Fri May 08 16:11:31 UTC 2026","project_orangehrm.Test.Admin_Nationalities_Test","Surefire test","project_orangehrm.Test.Admin_Nationalities_Test","verifyNationality_EmptyFields_ShowError"
"","2747","TC07 - Verify Directory Empty Search Results","Surefire suite","Fri May 08 16:14:22 UTC 2026","passed","Fri May 08 16:14:24 UTC 2026","project_orangehrm.Test.Directory_Test","Surefire test","project_orangehrm.Test.Directory_Test","verifyDirectory_EmptyResults_Success"
"","17327","TC02 - Verify Review Validation Errors","Surefire suite","Fri May 08 16:12:09 UTC 2026","passed","Fri May 08 16:12:27 UTC 2026","project_orangehrm.Test.Performance_Reviews_Test","Surefire test","project_orangehrm.Test.Performance_Reviews_Test","verifyReview_EmptyFields_Error"
"","18778","TC05 - Verify Holiday Validation Error","Surefire suite","Fri May 08 16:14:51 UTC 2026","failed","Fri May 08 16:15:10 UTC 2026","project_orangehrm.Test.Leave_Configuration_Test","Surefire test","project_orangehrm.Test.Leave_Configuration_Test","verifyHoliday_EmptyFields_Error"
"","1804","TC16 - Verify My Claims Reset Filters","Surefire suite","Fri May 08 16:17:45 UTC 2026","passed","Fri May 08 16:17:47 UTC 2026","project_orangehrm.Test.Claim_EmployeeClaims_Test","Surefire test","project_orangehrm.Test.Claim_EmployeeClaims_Test","verifyMyClaims_ResetFilters_Success"
"","52740","TC03 - Verify Custom Field Lifecycle: Create, Verify, Edit, Delete","Surefire suite","Fri May 08 16:13:24 UTC 2026","passed","Fri May 08 16:14:17 UTC 2026","project_orangehrm.Test.PIM_Configuration_Test","Surefire test","project_orangehrm.Test.PIM_Configuration_Test","verifyCustomField_Lifecycle_Edit"
"","16174","TC16 - Verify error when creating a duplicate Job Category","Surefire suite","Fri May 08 16:18:49 UTC 2026","passed","Fri May 08 16:19:05 UTC 2026","project_orangehrm.Test.AdminJobTest","Surefire test","project_orangehrm.Test.AdminJobTest","verifyJobCategory_DuplicateEntry_ShowError"
"","0","TC07 - Verify Delete User Functionality","Surefire suite","Fri May 08 16:12:09 UTC 2026","skipped","Fri May 08 16:12:09 UTC 2026","project_orangehrm.Test.AdminUserManagementTest","Surefire test","project_orangehrm.Test.AdminUserManagementTest","verifyUserManagement_DeleteUser_Success"
"","27896","TC02 - Verify Add Candidate Validation","Surefire suite","Fri May 08 16:11:24 UTC 2026","passed","Fri May 08 16:11:52 UTC 2026","project_orangehrm.Test.Recruitment_CandidateWorkflow_Test","Surefire test","project_orangehrm.Test.Recruitment_CandidateWorkflow_Test","verifyCandidate_Add_Validation"
"","13841","TC09 - Verify My Trackers Add Log","Surefire suite","Fri May 08 16:16:30 UTC 2026","broken","Fri May 08 16:16:44 UTC 2026","project_orangehrm.Test.Performance_MyReviews_Test","Surefire test","project_orangehrm.Test.Performance_MyReviews_Test","verifyMyTrackers_AddLog_Success"
"","2130","TC19 - Verify validation error for empty Work Shift Name","Surefire suite","Fri May 08 16:19:56 UTC 2026","passed","Fri May 08 16:19:58 UTC 2026","project_orangehrm.Test.AdminJobTest","Surefire test","project_orangehrm.Test.AdminJobTest","verifyWorkShift_EmptyFields_ShowError"
"","0","TC05 - Verify My Attendance Records","Surefire suite","Fri May 08 16:12:58 UTC 2026","skipped","Fri May 08 16:12:58 UTC 2026","project_orangehrm.Test.Time_Attendance_Test","Surefire test","project_orangehrm.Test.Time_Attendance_Test","verifyMyRecords_View_Success"
"","0","TC04 - Verify Employee Record Lifecycle: Create, Edit, Delete","Surefire suite","Fri May 08 16:12:54 UTC 2026","skipped","Fri May 08 16:12:54 UTC 2026","project_orangehrm.Test.Time_Attendance_Test","Surefire test","project_orangehrm.Test.Time_Attendance_Test","verifyEmployeeRecords_Search"
"","19987","TC02 - Generate Employee Report","Surefire suite","Fri May 08 16:11:20 UTC 2026","broken","Fri May 08 16:11:40 UTC 2026","project_orangehrm.Test.PIM_Reports_Test","Surefire test","project_orangehrm.Test.PIM_Reports_Test","verifyReport_Generate_Success"
"","0","TC14 - Verify Language Lifecycle: Create, Edit, Delete","Surefire suite","Fri May 08 16:13:34 UTC 2026","skipped","Fri May 08 16:13:34 UTC 2026","project_orangehrm.Test.Admin_Qualifications_Test","Surefire test","project_orangehrm.Test.Admin_Qualifications_Test","verifyLanguages_Lifecycle_Edit"
"","1","TC13 - Verify LDAP Configuration Save","Surefire suite","Fri May 08 16:12:24 UTC 2026","skipped","Fri May 08 16:12:24 UTC 2026","project_orangehrm.Test.Admin_Configuration_Test","Surefire test","project_orangehrm.Test.Admin_Configuration_Test","verifyLDAPConfiguration_Save_Success"
"","5912","TC04 - Verify Pay Grade Lifecycle with Currency: Create, Add Currency","Foundation_Suite","Fri May 08 16:05:44 UTC 2026","passed","Fri May 08 16:05:50 UTC 2026","project_orangehrm.Test.AdminJobTest","Foundation_Data_Seeding","project_orangehrm.Test.AdminJobTest","verifyPayGrade_WithCurrency_Success"
"","18361","TC03 - Verify Vacancy Validation Errors","Surefire suite","Fri May 08 16:12:56 UTC 2026","passed","Fri May 08 16:13:14 UTC 2026","project_orangehrm.Test.Recruitment_Vacancies_Test","Surefire test","project_orangehrm.Test.Recruitment_Vacancies_Test","verifyVacancy_EmptyFields_Error"
"","12259","TC07 - Verify My Reviews Reset Filters","Surefire suite","Fri May 08 16:15:39 UTC 2026","broken","Fri May 08 16:15:51 UTC 2026","project_orangehrm.Test.Performance_MyReviews_Test","Surefire test","project_orangehrm.Test.Performance_MyReviews_Test","verifyMyReviews_ResetFilters_Success"
"","15723","TC07 - Verify Leave Approve Action","Surefire suite","Fri May 08 16:14:54 UTC 2026","broken","Fri May 08 16:15:09 UTC 2026","project_orangehrm.Test.Leave_LeaveList_Test","Surefire test","project_orangehrm.Test.Leave_LeaveList_Test","verifyLeaveList_Approve_Success"
"","11268","TC19 - Verify Manage Reviews Complete Review","Surefire suite","Fri May 08 16:19:18 UTC 2026","broken","Fri May 08 16:19:29 UTC 2026","project_orangehrm.Test.Performance_MyReviews_Test","Surefire test","project_orangehrm.Test.Performance_MyReviews_Test","verifyManageReviews_Complete_Success"
"","84807","TC02 - Verify KPI Lifecycle: Create, Link to Job, Edit, Delete","Surefire suite","Fri May 08 16:10:41 UTC 2026","failed","Fri May 08 16:12:06 UTC 2026","project_orangehrm.Test.Performance_Configuration_Test","Surefire test","project_orangehrm.Test.Performance_Configuration_Test","verifyKPI_Lifecycle_Edit"
"","4481","TC01 - Verify Add Employee Lifecycle: Create, Search","Foundation_Suite","Fri May 08 16:06:19 UTC 2026","passed","Fri May 08 16:06:24 UTC 2026","project_orangehrm.Test.PIM_Employee_Test","Foundation_Data_Seeding","project_orangehrm.Test.PIM_Employee_Test","verifyEmployee_Lifecycle_Success"
"","23446","TC08 - Verify Expense Type: Handle Duplication","Surefire suite","Fri May 08 16:15:48 UTC 2026","passed","Fri May 08 16:16:11 UTC 2026","project_orangehrm.Test.Claim_Configuration_Test","Surefire test","project_orangehrm.Test.Claim_Configuration_Test","verifyExpenseType_Duplicate_Handling"
"","2156","TC01 - Cleanup Event - Global QA Summit 2025","Surefire suite","Fri May 08 16:20:52 UTC 2026","passed","Fri May 08 16:20:54 UTC 2026","project_orangehrm.TestCleaning.ClaimTestCleaning","Surefire test","project_orangehrm.TestCleaning.ClaimTestCleaning","cleanUpEvent_GlobalQASummit2025"
"","1","setup","Surefire suite","Fri May 08 16:13:21 UTC 2026","broken","Fri May 08 16:13:21 UTC 2026","project_orangehrm.Test.Performance_Configuration_Test","Surefire test","project_orangehrm.Test.Performance_Configuration_Test","setup"
"","6747","TC01 - Verify Skill Lifecycle: Create","Foundation_Suite","Fri May 08 16:06:07 UTC 2026","passed","Fri May 08 16:06:14 UTC 2026","project_orangehrm.Test.Admin_Qualifications_Test","Foundation_Data_Seeding","project_orangehrm.Test.Admin_Qualifications_Test","verifySkills_Lifecycle_Success"
"","22368","TC12 - Verify updating Employment Status Name","Surefire suite","Fri May 08 16:17:29 UTC 2026","passed","Fri May 08 16:17:52 UTC 2026","project_orangehrm.Test.AdminJobTest","Surefire test","project_orangehrm.Test.AdminJobTest","verifyEmploymentStatus_Update_Success"
"","36567","TC01 - Manage Review Lifecycle: Create, Activate, Delete","Surefire suite","Fri May 08 16:10:54 UTC 2026","broken","Fri May 08 16:11:30 UTC 2026","project_orangehrm.Test.Performance_Reviews_Test","Surefire test","project_orangehrm.Test.Performance_Reviews_Test","verifyReview_Lifecycle_Success"
"","6589","TC09 - Verify Termination Reason Lifecycle: Create, Verify","Foundation_Suite","Fri May 08 16:07:28 UTC 2026","passed","Fri May 08 16:07:34 UTC 2026","project_orangehrm.Test.PIM_Configuration_Test","Foundation_Data_Seeding","project_orangehrm.Test.PIM_Configuration_Test","verifyTerminationReason_Lifecycle_Success"
"","11762","TC02 - Cleanup Attendance Record - Leaving for the day","Surefire suite","Fri May 08 16:21:26 UTC 2026","passed","Fri May 08 16:21:37 UTC 2026","project_orangehrm.TestCleaning.TimeTestCleaning","Surefire test","project_orangehrm.TestCleaning.TimeTestCleaning","cleanUpAttendance_LeavingForTheDay"
"","0","TC05 - Verify Search by Employment Status","Surefire suite","Fri May 08 16:13:24 UTC 2026","skipped","Fri May 08 16:13:24 UTC 2026","project_orangehrm.Test.PIM_Employee_Test","Surefire test","project_orangehrm.Test.PIM_Employee_Test","verifyEmployeeList_SearchFilter_Success"
"","11099","TC02 - Cleanup Tracker - Quality Tracker 2025","Surefire suite","Fri May 08 16:20:57 UTC 2026","passed","Fri May 08 16:21:09 UTC 2026","project_orangehrm.TestCleaning.PerformanceTestCleaning","Surefire test","project_orangehrm.TestCleaning.PerformanceTestCleaning","cleanUpTracker_QualityTracker2025"
"","10059","TC03 - Verify Hiding and Showing Widgets","Surefire suite","Fri May 08 16:12:32 UTC 2026","broken","Fri May 08 16:12:42 UTC 2026","project_orangehrm.Test.Dashboard_UserActions_Test","Surefire test","project_orangehrm.Test.Dashboard_UserActions_Test","verifyDashboard_Configuration_Toggle"
"","10450","TC10 - Verify Salary Component Add","Surefire suite","Fri May 08 16:17:01 UTC 2026","passed","Fri May 08 16:17:12 UTC 2026","project_orangehrm.Test.PIM_EmployeeDetails_Test","Surefire test","project_orangehrm.Test.PIM_EmployeeDetails_Test","verifySalary_AddComponent_Success"
"","27476","TC02 - Verify Logout Functionality","Surefire suite","Fri May 08 16:11:42 UTC 2026","failed","Fri May 08 16:12:10 UTC 2026","project_orangehrm.Test.Dashboard_UserActions_Test","Surefire test","project_orangehrm.Test.Dashboard_UserActions_Test","verifyUserMenu_Logout"
"","2715","TC16 - Verify Manage Reviews Search by Reviewer","Surefire suite","Fri May 08 16:18:19 UTC 2026","passed","Fri May 08 16:18:22 UTC 2026","project_orangehrm.Test.Performance_MyReviews_Test","Surefire test","project_orangehrm.Test.Performance_MyReviews_Test","verifyManageReviews_SearchByReviewer_Success"
"","4474","TC07 - Verify My Leave Filter by Date Range","Surefire suite","Fri May 08 16:15:13 UTC 2026","passed","Fri May 08 16:15:17 UTC 2026","project_orangehrm.Test.Leave_ApplyLeave_Test","Surefire test","project_orangehrm.Test.Leave_ApplyLeave_Test","verifyMyLeave_FilterByDateRange_Success"
"","23350","TC07 - Verify Mark Interview Failed","Surefire suite","Fri May 08 16:14:01 UTC 2026","broken","Fri May 08 16:14:25 UTC 2026","project_orangehrm.Test.Recruitment_CandidateWorkflow_Test","Surefire test","project_orangehrm.Test.Recruitment_CandidateWorkflow_Test","verifyCandidate_MarkInterviewFailed_Success"
"","10802","TC07 - Cleanup Report - QA Employee Audit Report","Surefire suite","Fri May 08 16:21:54 UTC 2026","passed","Fri May 08 16:22:05 UTC 2026","project_orangehrm.TestCleaning.PIMTestCleaning","Surefire test","project_orangehrm.TestCleaning.PIMTestCleaning","cleanUpReport_QAEmployeeAuditReport"
"","14550","TC10 - Verify Employee Claims Pay Action","Surefire suite","Fri May 08 16:16:10 UTC 2026","broken","Fri May 08 16:16:25 UTC 2026","project_orangehrm.Test.Claim_EmployeeClaims_Test","Surefire test","project_orangehrm.Test.Claim_EmployeeClaims_Test","verifyEmployeeClaims_Pay_Success"
"","25490","TC04 - Verify Add Employee Validation","Surefire suite","Fri May 08 16:12:39 UTC 2026","failed","Fri May 08 16:13:05 UTC 2026","project_orangehrm.Test.PIM_Employee_Test","Surefire test","project_orangehrm.Test.PIM_Employee_Test","verifyEmployee_EmptyFields_ShowError"
"","0","TC05 - Verify Tracker Validation Errors","Surefire suite","Fri May 08 16:13:25 UTC 2026","skipped","Fri May 08 16:13:25 UTC 2026","project_orangehrm.Test.Performance_Configuration_Test","Surefire test","project_orangehrm.Test.Performance_Configuration_Test","verifyTracker_EmptyFields_Error"
"","13241","TC15 - Verify Add Project Activity","Surefire suite","Fri May 08 16:17:19 UTC 2026","broken","Fri May 08 16:17:33 UTC 2026","project_orangehrm.Test.Time_ProjectInfo_Test","Surefire test","project_orangehrm.Test.Time_ProjectInfo_Test","verifyProjectActivity_Add_Success"
"","12720","TC11 - Verify Leave List Add Comment","Surefire suite","Fri May 08 16:16:46 UTC 2026","broken","Fri May 08 16:16:59 UTC 2026","project_orangehrm.Test.Leave_LeaveList_Test","Surefire test","project_orangehrm.Test.Leave_LeaveList_Test","verifyLeaveList_AddComment_Success"
"","22660","TC05 - Verify Search by City and Country filters","Surefire suite","Fri May 08 16:14:32 UTC 2026","passed","Fri May 08 16:14:54 UTC 2026","project_orangehrm.Test.AdminOrganizationTest","Surefire test","project_orangehrm.Test.AdminOrganizationTest","verifyLocation_SearchFilters_Success"
"","22357","TC02 - Verify Add Candidate Validation","Surefire suite","Fri May 08 16:10:53 UTC 2026","passed","Fri May 08 16:11:15 UTC 2026","project_orangehrm.Test.Recruitment_Actions_Test","Surefire test","project_orangehrm.Test.Recruitment_Actions_Test","verifyCandidate_EmptyFields_Error"
"","7686","TC06 - Verify Directory View Employee Details","Surefire suite","Fri May 08 16:14:01 UTC 2026","passed","Fri May 08 16:14:09 UTC 2026","project_orangehrm.Test.Directory_Test","Surefire test","project_orangehrm.Test.Directory_Test","verifyDirectory_ViewEmployeeDetails_Success"
"","29406","TC02 - Verify Purge Candidate Records Search & Delete","Surefire suite","Fri May 08 16:12:41 UTC 2026","broken","Fri May 08 16:13:11 UTC 2026","project_orangehrm.Test.Maintenance_PurgeRecords_Test","Surefire test","project_orangehrm.Test.Maintenance_PurgeRecords_Test","verifyPurgeCandidate_Lifecycle"
"","30206","TC02 - Positive: Verify Engagement (Like and Comment)","Surefire suite","Fri May 08 16:11:59 UTC 2026","broken","Fri May 08 16:12:30 UTC 2026","project_orangehrm.Test.Buzz_Newsfeed_Test","Surefire test","project_orangehrm.Test.Buzz_Newsfeed_Test","verifyEngagement_Success"
"","5734","TC11 - Verify Work Experience Add","Surefire suite","Fri May 08 16:17:19 UTC 2026","passed","Fri May 08 16:17:25 UTC 2026","project_orangehrm.Test.PIM_EmployeeDetails_Test","Surefire test","project_orangehrm.Test.PIM_EmployeeDetails_Test","verifyQualifications_WorkExperience_Add_Success"
"","20396","TC04 - Admin Approve Leave Request","Surefire suite","Fri May 08 16:12:17 UTC 2026","passed","Fri May 08 16:12:37 UTC 2026","project_orangehrm.Test.Leave_Operations_Test","Surefire test","project_orangehrm.Test.Leave_Operations_Test","verifyLeaveList_ApproveRequest"
"","5119","TC05 - Verify Data Import Validation (No File Selected)","Surefire suite","Fri May 08 16:15:06 UTC 2026","passed","Fri May 08 16:15:11 UTC 2026","project_orangehrm.Test.PIM_Configuration_Test","Surefire test","project_orangehrm.Test.PIM_Configuration_Test","verifyDataImport_Validation_Error"
"","27772","TC03 - Verify error when creating a duplicate Job Title","Surefire suite","Fri May 08 16:13:30 UTC 2026","passed","Fri May 08 16:13:58 UTC 2026","project_orangehrm.Test.AdminJobTest","Surefire test","project_orangehrm.Test.AdminJobTest","verifyJobTitle_DuplicateEntry_ShowError"
"","17580","TC05 - Negative: Verify Cancellation of Post Deletion","Surefire suite","Fri May 08 16:14:14 UTC 2026","passed","Fri May 08 16:14:32 UTC 2026","project_orangehrm.Test.Buzz_Newsfeed_Test","Surefire test","project_orangehrm.Test.Buzz_Newsfeed_Test","verifyCancelDeletion_Flow"
"","27502","TC02 - Verify Punch Punch In/Out Workflow","Surefire suite","Fri May 08 16:11:52 UTC 2026","failed","Fri May 08 16:12:19 UTC 2026","project_orangehrm.Test.Time_Attendance_Test","Surefire test","project_orangehrm.Test.Time_Attendance_Test","verifyPunchIn_Out_Validate"
"","20239","TC14 - Verify updating an existing Job Category","Surefire suite","Fri May 08 16:18:10 UTC 2026","passed","Fri May 08 16:18:30 UTC 2026","project_orangehrm.Test.AdminJobTest","Surefire test","project_orangehrm.Test.AdminJobTest","verifyJobCategory_Update_Success"
"","7500","TC01 - Verify Job Title Lifecycle: Create, Verify, Delete","Foundation_Suite","Fri May 08 16:05:31 UTC 2026","passed","Fri May 08 16:05:38 UTC 2026","project_orangehrm.Test.AdminJobTest","Foundation_Data_Seeding","project_orangehrm.Test.AdminJobTest","verifyJobTitle_Lifecycle_Success"
"","0","TC15 - Verify validation error for empty Language Name","Surefire suite","Fri May 08 16:13:37 UTC 2026","skipped","Fri May 08 16:13:37 UTC 2026","project_orangehrm.Test.Admin_Qualifications_Test","Surefire test","project_orangehrm.Test.Admin_Qualifications_Test","verifyLanguages_EmptyFields_ShowError"
"","10046","TC03 - Cleanup Post - Safety Check","Surefire suite","Fri May 08 16:21:23 UTC 2026","passed","Fri May 08 16:21:33 UTC 2026","project_orangehrm.TestCleaning.BuzzTestCleaning","Surefire test","project_orangehrm.TestCleaning.BuzzTestCleaning","cleanUpPost_SafetyCheck"
"","33908","TC01 - Verify Purge Employee Records Search & Delete","Surefire suite","Fri May 08 16:11:26 UTC 2026","broken","Fri May 08 16:12:00 UTC 2026","project_orangehrm.Test.Maintenance_PurgeRecords_Test","Surefire test","project_orangehrm.Test.Maintenance_PurgeRecords_Test","verifyPurgeEmployee_Lifecycle"
"","11197","TC08 - Cleanup Education - Master of Science","Surefire suite","Fri May 08 16:22:21 UTC 2026","passed","Fri May 08 16:22:32 UTC 2026","project_orangehrm.TestCleaning.AdminTestCleaning","Surefire test","project_orangehrm.TestCleaning.AdminTestCleaning","cleanUpEducation"
"","11258","TC03 - Cleanup Customer - Auto Test Customer","Surefire suite","Fri May 08 16:21:44 UTC 2026","passed","Fri May 08 16:21:56 UTC 2026","project_orangehrm.TestCleaning.TimeTestCleaning","Surefire test","project_orangehrm.TestCleaning.TimeTestCleaning","cleanUpCustomer_AutoTestCustomer"
"","16770","TC07 - Verify Employment Status Lifecycle: Create and Delete","Surefire suite","Fri May 08 16:15:20 UTC 2026","passed","Fri May 08 16:15:36 UTC 2026","project_orangehrm.Test.AdminJobTest","Surefire test","project_orangehrm.Test.AdminJobTest","verifyEmploymentStatus_Lifecycle_Success"
"","35046","TC10 - Verify Termination Reason Lifecycle: Create, Verify, Edit, Delete","Surefire suite","Fri May 08 16:16:29 UTC 2026","passed","Fri May 08 16:17:04 UTC 2026","project_orangehrm.Test.PIM_Configuration_Test","Surefire test","project_orangehrm.Test.PIM_Configuration_Test","verifyTerminationReason_Lifecycle_Edit"
"","13185","TC07 - Verify Organization Unit Lifecycle: Enable Edit, Create, Verify, Delete","Surefire suite","Fri May 08 16:15:25 UTC 2026","passed","Fri May 08 16:15:39 UTC 2026","project_orangehrm.Test.AdminOrganizationTest","Surefire test","project_orangehrm.Test.AdminOrganizationTest","verifyStructure_Lifecycle_Success"
"","7289","TC01 - Verify Location Lifecycle: Create, Verify in Table","Foundation_Suite","Fri May 08 16:05:55 UTC 2026","passed","Fri May 08 16:06:02 UTC 2026","project_orangehrm.Test.AdminOrganizationTest","Foundation_Data_Seeding","project_orangehrm.Test.AdminOrganizationTest","verifyLocation_Lifecycle_Success"
"","11021","TC05 - Verify Expense Type: Validate Empty Field","Surefire suite","Fri May 08 16:14:42 UTC 2026","passed","Fri May 08 16:14:53 UTC 2026","project_orangehrm.Test.Claim_Configuration_Test","Surefire test","project_orangehrm.Test.Claim_Configuration_Test","verifyExpenseType_Validate_Field"
"","33433","TC05 - Verify Customer Delete","Surefire suite","Fri May 08 16:12:39 UTC 2026","broken","Fri May 08 16:13:12 UTC 2026","project_orangehrm.Test.Time_ProjectInfo_Test","Surefire test","project_orangehrm.Test.Time_ProjectInfo_Test","verifyCustomer_Delete_Success"
"","19000","TC02 - Verify Submit Timesheet (Workflow Status)","Surefire suite","Fri May 08 16:12:18 UTC 2026","broken","Fri May 08 16:12:37 UTC 2026","project_orangehrm.Test.Time_Timesheets_Test","Surefire test","project_orangehrm.Test.Time_Timesheets_Test","verifyTimesheet_Submit_Success"
"","11566","TC09 - Verify Immigration Record Delete","Surefire suite","Fri May 08 16:16:42 UTC 2026","passed","Fri May 08 16:16:53 UTC 2026","project_orangehrm.Test.PIM_EmployeeDetails_Test","Surefire test","project_orangehrm.Test.PIM_EmployeeDetails_Test","verifyImmigration_Delete_Success"
"","4822","TC09 - Verify My Leave Reset Filters","Surefire suite","Fri May 08 16:15:57 UTC 2026","passed","Fri May 08 16:16:02 UTC 2026","project_orangehrm.Test.Leave_ApplyLeave_Test","Surefire test","project_orangehrm.Test.Leave_ApplyLeave_Test","verifyMyLeave_ResetFilters_Success"
"","10508","TC03 - Verify Add Employee with Trem","Foundation_Suite","Fri May 08 16:06:48 UTC 2026","passed","Fri May 08 16:06:59 UTC 2026","project_orangehrm.Test.PIM_Employee_Test","Foundation_Data_Seeding","project_orangehrm.Test.PIM_Employee_Test","verifyEmployee_Trem"
"","20675","TC04 - Verify Report Validation Error","Surefire suite","Fri May 08 16:13:43 UTC 2026","failed","Fri May 08 16:14:03 UTC 2026","project_orangehrm.Test.PIM_Reports_Test","Surefire test","project_orangehrm.Test.PIM_Reports_Test","verifyReport_EmptyFields_ShowError"
"","11912","TC01 - Cleanup Attendance Record - Started working on Automation","Surefire suite","Fri May 08 16:21:07 UTC 2026","passed","Fri May 08 16:21:19 UTC 2026","project_orangehrm.TestCleaning.TimeTestCleaning","Surefire test","project_orangehrm.TestCleaning.TimeTestCleaning","cleanUpAttendance_StartedWorkingOnAutomation"
"","28009","TC01 - Generate Leave Entitlements and Usage Report","Surefire suite","Fri May 08 16:10:56 UTC 2026","passed","Fri May 08 16:11:24 UTC 2026","project_orangehrm.Test.Leave_Reports_Test","Surefire test","project_orangehrm.Test.Leave_Reports_Test","verifyLeaveUsageReport_Generate"
"","6613","TC02 - Verify Custom Field Lifecycle: Create, Verify","Foundation_Suite","Fri May 08 16:07:04 UTC 2026","passed","Fri May 08 16:07:11 UTC 2026","project_orangehrm.Test.PIM_Configuration_Test","Foundation_Data_Seeding","project_orangehrm.Test.PIM_Configuration_Test","verifyCustomField_Lifecycle_Success"
"","7215","TC02 - Verify Directory Search by Job Title","Surefire suite","Fri May 08 16:12:12 UTC 2026","passed","Fri May 08 16:12:19 UTC 2026","project_orangehrm.Test.Directory_Test","Surefire test","project_orangehrm.Test.Directory_Test","verifyDirectory_SearchByJobTitle_Success"
"","40015","TC02 - Verify Skill Lifecycle: Create,Edit and Delete","Surefire suite","Fri May 08 16:11:34 UTC 2026","failed","Fri May 08 16:12:14 UTC 2026","project_orangehrm.Test.Admin_Qualifications_Test","Surefire test","project_orangehrm.Test.Admin_Qualifications_Test","verifySkills_Lifecycle_Edit"
"","11283","TC13 - Cleanup Nationality - Automation Tester Nationality","Surefire suite","Fri May 08 16:23:52 UTC 2026","passed","Fri May 08 16:24:03 UTC 2026","project_orangehrm.TestCleaning.AdminTestCleaning","Surefire test","project_orangehrm.TestCleaning.AdminTestCleaning","cleanUpNationality"
"","8065","TC17 - Cleanup: Delete Test Projects and Customer","Surefire suite","Fri May 08 16:17:59 UTC 2026","passed","Fri May 08 16:18:07 UTC 2026","project_orangehrm.Test.Time_ProjectInfo_Test","Surefire test","project_orangehrm.Test.Time_ProjectInfo_Test","cleanup_DeleteTestData"
"","7531","TC06 - Verify Expense Type Lifecycle: Create, Verify","Foundation_Suite","Fri May 08 16:08:14 UTC 2026","passed","Fri May 08 16:08:21 UTC 2026","project_orangehrm.Test.Claim_Configuration_Test","Foundation_Data_Seeding","project_orangehrm.Test.Claim_Configuration_Test","verifyExpenseType_Lifecycle_Success"
"","1","TC04 - Negative: Verify error message when Password and Confirm Password do not match","Surefire suite","Fri May 08 16:11:52 UTC 2026","skipped","Fri May 08 16:11:52 UTC 2026","project_orangehrm.Test.AdminUserManagementTest","Surefire test","project_orangehrm.Test.AdminUserManagementTest","verifyUserManagement_PasswordMismatch_ShowError"
"","21313","TC08 - Verify Reporting Method Validation & Duplicates","Surefire suite","Fri May 08 16:15:54 UTC 2026","passed","Fri May 08 16:16:15 UTC 2026","project_orangehrm.Test.PIM_Configuration_Test","Surefire test","project_orangehrm.Test.PIM_Configuration_Test","verifyReportingMethod_Validation_And_Duplicate"
"","16180","TC15 - Verify License Add","Surefire suite","Fri May 08 16:18:12 UTC 2026","broken","Fri May 08 16:18:29 UTC 2026","project_orangehrm.Test.PIM_EmployeeDetails_Test","Surefire test","project_orangehrm.Test.PIM_EmployeeDetails_Test","verifyQualifications_License_Add_Success"
"","22037","TC01 - Verify Employee Submitting Self Review","Surefire suite","Fri May 08 16:11:23 UTC 2026","broken","Fri May 08 16:11:45 UTC 2026","project_orangehrm.Test.Performance_Evaluation_Test","Surefire test","project_orangehrm.Test.Performance_Evaluation_Test","verifySelfReview_Submit_Success"
"","30458","TC01 - Verify Access Records Download","Surefire suite","Fri May 08 16:11:22 UTC 2026","broken","Fri May 08 16:11:52 UTC 2026","project_orangehrm.Test.Maintenance_AccessRecords_Test","Surefire test","project_orangehrm.Test.Maintenance_AccessRecords_Test","verifyAccessRecords_Download"
"","11434","TC10 - Verify My Trackers Edit Log","Surefire suite","Fri May 08 16:16:53 UTC 2026","broken","Fri May 08 16:17:05 UTC 2026","project_orangehrm.Test.Performance_MyReviews_Test","Surefire test","project_orangehrm.Test.Performance_MyReviews_Test","verifyMyTrackers_EditLog_Success"
"","24710","TC01 - Verify Optional Fields Configuration Save","Surefire suite","Fri May 08 16:12:38 UTC 2026","failed","Fri May 08 16:13:03 UTC 2026","project_orangehrm.Test.PIM_Configuration_Test","Surefire test","project_orangehrm.Test.PIM_Configuration_Test","verifyOptionalFields_Save_Success"
"","0","TC05 - Verify Localization Settings: Update Default Language and Format","Surefire suite","Fri May 08 16:11:41 UTC 2026","skipped","Fri May 08 16:11:41 UTC 2026","project_orangehrm.Test.Admin_Configuration_Test","Surefire test","project_orangehrm.Test.Admin_Configuration_Test","verifyLocalization_Update_Success"
"","5166","TC10 - Verify Project Validation","Surefire suite","Fri May 08 16:15:51 UTC 2026","passed","Fri May 08 16:15:56 UTC 2026","project_orangehrm.Test.Time_ProjectInfo_Test","Surefire test","project_orangehrm.Test.Time_ProjectInfo_Test","verifyProject_Validation_Error"
"","18818","TC02 - Verify Cannot Punch In Future Date","Surefire suite","Fri May 08 16:12:01 UTC 2026","passed","Fri May 08 16:12:20 UTC 2026","project_orangehrm.Test.Time_BusinessLogic_Test","Surefire test","project_orangehrm.Test.Time_BusinessLogic_Test","verifyPunchIn_FutureDate_Error"
"","7406","TC03 - Verify Leave List Filter by Status","Surefire suite","Fri May 08 16:13:02 UTC 2026","passed","Fri May 08 16:13:10 UTC 2026","project_orangehrm.Test.Leave_LeaveList_Test","Surefire test","project_orangehrm.Test.Leave_LeaveList_Test","verifyLeaveList_FilterByStatus_Success"
"","12317","TC02 - Generate My Leave Entitlements Report","Surefire suite","Fri May 08 16:12:01 UTC 2026","passed","Fri May 08 16:12:14 UTC 2026","project_orangehrm.Test.Leave_Reports_Test","Surefire test","project_orangehrm.Test.Leave_Reports_Test","verifyMyLeaveReport_Generate"
"","1500","TC12 - Verify Employee Trackers Page Display","Surefire suite","Fri May 08 16:17:33 UTC 2026","passed","Fri May 08 16:17:34 UTC 2026","project_orangehrm.Test.Performance_MyReviews_Test","Surefire test","project_orangehrm.Test.Performance_MyReviews_Test","verifyEmployeeTrackers_Display_Success"
"","0","TC04 - Verify Tracker Lifecycle: Create","Surefire suite","Fri May 08 16:13:22 UTC 2026","skipped","Fri May 08 16:13:22 UTC 2026","project_orangehrm.Test.Performance_Configuration_Test","Surefire test","project_orangehrm.Test.Performance_Configuration_Test","verifyTracker_Lifecycle_Success"
"","5335","TC08 - Verify validation error for empty Employment Status Name","Surefire suite","Fri May 08 16:15:48 UTC 2026","passed","Fri May 08 16:15:53 UTC 2026","project_orangehrm.Test.AdminJobTest","Surefire test","project_orangehrm.Test.AdminJobTest","verifyEmploymentStatus_EmptyFields_ShowError"
"","11633","TC15 - Verify Search by Hiring Manager","Surefire suite","Fri May 08 16:16:56 UTC 2026","broken","Fri May 08 16:17:08 UTC 2026","project_orangehrm.Test.Recruitment_CandidateWorkflow_Test","Surefire test","project_orangehrm.Test.Recruitment_CandidateWorkflow_Test","verifyCandidate_SearchByHiringManager_Success"
"","18220","TC01 - Verify Error when Entering > 24 Hours in Timesheet","Surefire suite","Fri May 08 16:10:59 UTC 2026","broken","Fri May 08 16:11:17 UTC 2026","project_orangehrm.Test.Time_BusinessLogic_Test","Surefire test","project_orangehrm.Test.Time_BusinessLogic_Test","verifyTimesheet_InvalidHours_Error"
"","11935","TC14 - Verify Project Reset Filters","Surefire suite","Fri May 08 16:17:01 UTC 2026","broken","Fri May 08 16:17:13 UTC 2026","project_orangehrm.Test.Time_ProjectInfo_Test","Surefire test","project_orangehrm.Test.Time_ProjectInfo_Test","verifyProject_ResetFilters_Success"
"","0","TC03 - Negative: Verify search with non-existing username","Surefire suite","Fri May 08 16:11:48 UTC 2026","skipped","Fri May 08 16:11:48 UTC 2026","project_orangehrm.Test.AdminUserManagementTest","Surefire test","project_orangehrm.Test.AdminUserManagementTest","verifyUserManagement_SearchNotFound_NoRecords"
"","3567","TC03 - Cleanup Employment Status - Freelance - Project Based","Surefire suite","Fri May 08 16:21:33 UTC 2026","passed","Fri May 08 16:21:37 UTC 2026","project_orangehrm.TestCleaning.AdminTestCleaning","Surefire test","project_orangehrm.TestCleaning.AdminTestCleaning","cleanUpEmploymentStatus"
"","6558","TC02 - Verify Event Lifecycle: Create, Verify","Foundation_Suite","Fri May 08 16:08:02 UTC 2026","passed","Fri May 08 16:08:08 UTC 2026","project_orangehrm.Test.Claim_Configuration_Test","Foundation_Data_Seeding","project_orangehrm.Test.Claim_Configuration_Test","verifyEvent_Lifecycle_Success"
"","1","TC11 - Verify Reset Search Filters","Surefire suite","Fri May 08 16:12:37 UTC 2026","skipped","Fri May 08 16:12:37 UTC 2026","project_orangehrm.Test.AdminUserManagementTest","Surefire test","project_orangehrm.Test.AdminUserManagementTest","verifyUserManagement_ResetFilter_Success"
"","5065","TC06 - Verify My Leave Filter by Status","Surefire suite","Fri May 08 16:14:54 UTC 2026","passed","Fri May 08 16:14:59 UTC 2026","project_orangehrm.Test.Leave_ApplyLeave_Test","Surefire test","project_orangehrm.Test.Leave_ApplyLeave_Test","verifyMyLeave_FilterByStatus_Success"
"","2283","TC07 - Cleanup Skill - Java Automation","Surefire suite","Fri May 08 16:22:12 UTC 2026","passed","Fri May 08 16:22:15 UTC 2026","project_orangehrm.TestCleaning.AdminTestCleaning","Surefire test","project_orangehrm.TestCleaning.AdminTestCleaning","cleanUpSkill"
"","1","TC02 - Verify Nationality Lifecycle: Create, Edit, Delete","Surefire suite","Fri May 08 16:11:25 UTC 2026","skipped","Fri May 08 16:11:25 UTC 2026","project_orangehrm.Test.Admin_Nationalities_Test","Surefire test","project_orangehrm.Test.Admin_Nationalities_Test","verifyNationality_Lifecycle_Edit"
"","48691","TC01 - Verify Leave Type Lifecycle: Create, Verify, Delete","Surefire suite","Fri May 08 16:11:07 UTC 2026","failed","Fri May 08 16:11:56 UTC 2026","project_orangehrm.Test.Leave_Configuration_Test","Surefire test","project_orangehrm.Test.Leave_Configuration_Test","verifyLeaveType_Lifecycle_Success"
"","1","TC10 - Verify License Lifecycle: Create, Edit, Delete","Surefire suite","Fri May 08 16:13:17 UTC 2026","skipped","Fri May 08 16:13:17 UTC 2026","project_orangehrm.Test.Admin_Qualifications_Test","Surefire test","project_orangehrm.Test.Admin_Qualifications_Test","verifyLicenses_Lifecycle_Edit"
"","5936","TC01 - Verify Directory Page Display","Surefire suite","Fri May 08 16:11:32 UTC 2026","passed","Fri May 08 16:11:38 UTC 2026","project_orangehrm.Test.Directory_Test","Surefire test","project_orangehrm.Test.Directory_Test","verifyDirectory_Display_Success"
"","7005","TC01 - Verify KPI Lifecycle: Create, Link to Job","Foundation_Suite","Fri May 08 16:09:31 UTC 2026","passed","Fri May 08 16:09:38 UTC 2026","project_orangehrm.Test.Performance_Configuration_Test","Foundation_Data_Seeding","project_orangehrm.Test.Performance_Configuration_Test","verifyKPI_Lifecycle_Success"
"","2289","TC03 - Cleanup Termination Reason - Better Salary Opportunity","Surefire suite","Fri May 08 16:21:21 UTC 2026","passed","Fri May 08 16:21:23 UTC 2026","project_orangehrm.TestCleaning.PIMTestCleaning","Surefire test","project_orangehrm.TestCleaning.PIMTestCleaning","cleanUpTerminationReason_BetterSalaryOpportunity"
"","11730","TC03 - Verify validation errors for required Location fields","Surefire suite","Fri May 08 16:13:21 UTC 2026","passed","Fri May 08 16:13:33 UTC 2026","project_orangehrm.Test.AdminOrganizationTest","Surefire test","project_orangehrm.Test.AdminOrganizationTest","verifyLocation_EmptyFields_ShowError"
"","28711","TC02 - Verify Validation for Access Records","Surefire suite","Fri May 08 16:12:32 UTC 2026","broken","Fri May 08 16:13:01 UTC 2026","project_orangehrm.Test.Maintenance_AccessRecords_Test","Surefire test","project_orangehrm.Test.Maintenance_AccessRecords_Test","verifyAccessRecords_Validation_Error"
"","14250","TC02 - Verify validation error for empty Job Title","Surefire suite","Fri May 08 16:12:52 UTC 2026","passed","Fri May 08 16:13:06 UTC 2026","project_orangehrm.Test.AdminJobTest","Surefire test","project_orangehrm.Test.AdminJobTest","verifyJobTitle_EmptyFields_ShowError"
"","3855","TC06 - Verify Reset Button functionality","Surefire suite","Fri May 08 16:15:06 UTC 2026","passed","Fri May 08 16:15:10 UTC 2026","project_orangehrm.Test.AdminOrganizationTest","Surefire test","project_orangehrm.Test.AdminOrganizationTest","verifyLocation_ResetFilter_Success"
"","34828","TC01 - Verify Submit Claim Logic","Surefire suite","Fri May 08 16:11:20 UTC 2026","broken","Fri May 08 16:11:55 UTC 2026","project_orangehrm.Test.Claim_Operations_Test","Surefire test","project_orangehrm.Test.Claim_Operations_Test","verifySubmitClaim_Logic"
"","48664","TC04 - Verify Customer Edit","Surefire suite","Fri May 08 16:11:13 UTC 2026","broken","Fri May 08 16:12:01 UTC 2026","project_orangehrm.Test.Time_ProjectInfo_Test","Surefire test","project_orangehrm.Test.Time_ProjectInfo_Test","verifyCustomer_Edit_Success"
"","1","setup","Surefire suite","Fri May 08 16:12:05 UTC 2026","broken","Fri May 08 16:12:05 UTC 2026","project_orangehrm.Test.Recruitment_Search_And_Data_Test","Surefire test","project_orangehrm.Test.Recruitment_Search_And_Data_Test","setup"
"","18099","TC09 - Verify Project Delete","Surefire suite","Fri May 08 16:15:21 UTC 2026","broken","Fri May 08 16:15:39 UTC 2026","project_orangehrm.Test.Time_ProjectInfo_Test","Surefire test","project_orangehrm.Test.Time_ProjectInfo_Test","verifyProject_Delete_Success"
"","1","TC06 - Verify Edit User: Change Status from Enabled to Disabled","Surefire suite","Fri May 08 16:12:03 UTC 2026","skipped","Fri May 08 16:12:03 UTC 2026","project_orangehrm.Test.AdminUserManagementTest","Surefire test","project_orangehrm.Test.AdminUserManagementTest","verifyUserManagement_EditUser_Success"
"","8733","TC12 - Verify Education Add","Surefire suite","Fri May 08 16:17:32 UTC 2026","passed","Fri May 08 16:17:40 UTC 2026","project_orangehrm.Test.PIM_EmployeeDetails_Test","Surefire test","project_orangehrm.Test.PIM_EmployeeDetails_Test","verifyQualifications_Education_Add_Success"
"","8805","TC05 - Verify Leave List Filter by Leave Type","Surefire suite","Fri May 08 16:13:59 UTC 2026","passed","Fri May 08 16:14:08 UTC 2026","project_orangehrm.Test.Leave_LeaveList_Test","Surefire test","project_orangehrm.Test.Leave_LeaveList_Test","verifyLeaveList_FilterByLeaveType_Success"
"","1","TC03 - Verify Editing Candidate Details (Email/Phone)","Surefire suite","Fri May 08 16:12:12 UTC 2026","skipped","Fri May 08 16:12:12 UTC 2026","project_orangehrm.Test.Recruitment_Search_And_Data_Test","Surefire test","project_orangehrm.Test.Recruitment_Search_And_Data_Test","verifyCandidate_EditInfo_Success"
"","19048","TC09 - Verify Hire Candidate","Surefire suite","Fri May 08 16:14:43 UTC 2026","broken","Fri May 08 16:15:02 UTC 2026","project_orangehrm.Test.Recruitment_CandidateWorkflow_Test","Surefire test","project_orangehrm.Test.Recruitment_CandidateWorkflow_Test","verifyCandidate_Hire_Success"
"","17046","TC02 - Verify My Reviews Page Display","Surefire suite","Fri May 08 16:12:55 UTC 2026","failed","Fri May 08 16:13:12 UTC 2026","project_orangehrm.Test.Performance_MyReviews_Test","Surefire test","project_orangehrm.Test.Performance_MyReviews_Test","verifyMyReviews_Display_Success"
"","15587","TC08 - Verify My Leave Cancel Pending Request","Surefire suite","Fri May 08 16:15:31 UTC 2026","broken","Fri May 08 16:15:47 UTC 2026","project_orangehrm.Test.Leave_ApplyLeave_Test","Surefire test","project_orangehrm.Test.Leave_ApplyLeave_Test","verifyMyLeave_CancelRequest_Success"
"","11164","TC11 - Cleanup Membership - IEEE Member","Surefire suite","Fri May 08 16:23:13 UTC 2026","passed","Fri May 08 16:23:24 UTC 2026","project_orangehrm.TestCleaning.AdminTestCleaning","Surefire test","project_orangehrm.TestCleaning.AdminTestCleaning","cleanUpMembership"
"","3949","TC01 - Add Leave Entitlement to Employee","Foundation_Suite","Fri May 08 16:07:53 UTC 2026","passed","Fri May 08 16:07:56 UTC 2026","project_orangehrm.Test.Leave_Entitlements_Test","Foundation_Data_Seeding","project_orangehrm.Test.Leave_Entitlements_Test","verifyAddEntitlement_Success"
"","16668","TC01 - Generate Project Report","Surefire suite","Fri May 08 16:11:28 UTC 2026","passed","Fri May 08 16:11:44 UTC 2026","project_orangehrm.Test.Time_Reports_Test","Surefire test","project_orangehrm.Test.Time_Reports_Test","verifyProjectReport_Generate"
"","0","TC04 - Verify Nationality Duplicate Validation","Surefire suite","Fri May 08 16:11:40 UTC 2026","skipped","Fri May 08 16:11:40 UTC 2026","project_orangehrm.Test.Admin_Nationalities_Test","Surefire test","project_orangehrm.Test.Admin_Nationalities_Test","verifyNationality_Duplicate_ShowError"
"","13916","TC04 - Verify My Reviews Filter by Job Title","Surefire suite","Fri May 08 16:14:09 UTC 2026","broken","Fri May 08 16:14:23 UTC 2026","project_orangehrm.Test.Performance_MyReviews_Test","Surefire test","project_orangehrm.Test.Performance_MyReviews_Test","verifyMyReviews_FilterByJobTitle_Success"
"","7228","TC06 - Verify Leave Period Configuration Update","Surefire suite","Fri May 08 16:15:25 UTC 2026","passed","Fri May 08 16:15:33 UTC 2026","project_orangehrm.Test.Leave_Configuration_Test","Surefire test","project_orangehrm.Test.Leave_Configuration_Test","verifyLeavePeriod_Update_Success"
"","1","TC05 - Verify Nationality Search Functionality","Surefire suite","Fri May 08 16:11:48 UTC 2026","skipped","Fri May 08 16:11:48 UTC 2026","project_orangehrm.Test.Admin_Nationalities_Test","Surefire test","project_orangehrm.Test.Admin_Nationalities_Test","verifyNationality_Search_Success"
"","11245","TC05 - Cleanup Candidate - Failed Candidate","Surefire suite","Fri May 08 16:22:03 UTC 2026","passed","Fri May 08 16:22:14 UTC 2026","project_orangehrm.TestCleaning.RecruitmentTestCleaning","Surefire test","project_orangehrm.TestCleaning.RecruitmentTestCleaning","cleanUpCandidate_FailedCandidate"
"","11369","TC17 - Verify Manage Reviews Filter by Status","Surefire suite","Fri May 08 16:18:28 UTC 2026","broken","Fri May 08 16:18:40 UTC 2026","project_orangehrm.Test.Performance_MyReviews_Test","Surefire test","project_orangehrm.Test.Performance_MyReviews_Test","verifyManageReviews_FilterByStatus_Success"
"","32632","TC07 - Verify Expense Type Lifecycle: Create, Edit, Delete","Surefire suite","Fri May 08 16:15:04 UTC 2026","passed","Fri May 08 16:15:37 UTC 2026","project_orangehrm.Test.Claim_Configuration_Test","Surefire test","project_orangehrm.Test.Claim_Configuration_Test","verifyExpenseType_Lifecycle_Edit"
"","16367","TC09 - Verify Employee Claims View Details","Surefire suite","Fri May 08 16:15:42 UTC 2026","failed","Fri May 08 16:15:58 UTC 2026","project_orangehrm.Test.Claim_EmployeeClaims_Test","Surefire test","project_orangehrm.Test.Claim_EmployeeClaims_Test","verifyEmployeeClaims_ViewDetails_Success"
"","19512","TC01 - Verify Personal Details View","Surefire suite","Fri May 08 16:11:03 UTC 2026","broken","Fri May 08 16:11:22 UTC 2026","project_orangehrm.Test.PIM_EmployeeDetails_Test","Surefire test","project_orangehrm.Test.PIM_EmployeeDetails_Test","verifyPersonalDetails_View_Success"
"","11218","TC10 - Cleanup Language - German-Arabic","Surefire suite","Fri May 08 16:22:56 UTC 2026","passed","Fri May 08 16:23:07 UTC 2026","project_orangehrm.TestCleaning.AdminTestCleaning","Surefire test","project_orangehrm.TestCleaning.AdminTestCleaning","cleanUpLanguage"
"","1","TC04 - Verify Email Configuration: Update SMTP Settings and Validation","Surefire suite","Fri May 08 16:11:33 UTC 2026","skipped","Fri May 08 16:11:33 UTC 2026","project_orangehrm.Test.Admin_Configuration_Test","Surefire test","project_orangehrm.Test.Admin_Configuration_Test","verifyEmailConfiguration_UpdateAndValidation"
"","30546","TC04 - Verify Event: Handle Duplication","Surefire suite","Fri May 08 16:13:53 UTC 2026","passed","Fri May 08 16:14:24 UTC 2026","project_orangehrm.Test.Claim_Configuration_Test","Surefire test","project_orangehrm.Test.Claim_Configuration_Test","verifyEvent_Duplicate_Handling"
"","1","TC05 - Negative: Verify error message when Password and Confirm Password do not match","Surefire suite","Fri May 08 16:11:58 UTC 2026","skipped","Fri May 08 16:11:58 UTC 2026","project_orangehrm.Test.AdminUserManagementTest","Surefire test","project_orangehrm.Test.AdminUserManagementTest","verifyUserManagement_PasswordContainMinimumNumber_ShowError"
"","1","TC12 - Verify LDAP Configuration Form Validation","Surefire suite","Fri May 08 16:12:18 UTC 2026","skipped","Fri May 08 16:12:18 UTC 2026","project_orangehrm.Test.Admin_Configuration_Test","Surefire test","project_orangehrm.Test.Admin_Configuration_Test","verifyLDAPConfiguration_Validation_Error"
"","1","TC09 - Verify License Lifecycle: Create","Surefire suite","Fri May 08 16:13:13 UTC 2026","skipped","Fri May 08 16:13:13 UTC 2026","project_orangehrm.Test.Admin_Qualifications_Test","Surefire test","project_orangehrm.Test.Admin_Qualifications_Test","verifyLicenses_Lifecycle_Success"
"","0","TC20 - Verify error when creating a duplicate Membership","Surefire suite","Fri May 08 16:13:55 UTC 2026","skipped","Fri May 08 16:13:55 UTC 2026","project_orangehrm.Test.Admin_Qualifications_Test","Surefire test","project_orangehrm.Test.Admin_Qualifications_Test","verifyMemberships_DuplicateEntry_ShowError"
"","15528","TC01 - Verify Employee Claims Page Display","Surefire suite","Fri May 08 16:11:30 UTC 2026","passed","Fri May 08 16:11:45 UTC 2026","project_orangehrm.Test.Claim_EmployeeClaims_Test","Surefire test","project_orangehrm.Test.Claim_EmployeeClaims_Test","verifyEmployeeClaims_Display_Success"
"","10040","TC01 - Cleanup Post - Engagement","Surefire suite","Fri May 08 16:20:52 UTC 2026","passed","Fri May 08 16:21:02 UTC 2026","project_orangehrm.TestCleaning.BuzzTestCleaning","Surefire test","project_orangehrm.TestCleaning.BuzzTestCleaning","cleanUpPost_Engagement"
"","10046","TC01 - Verify 'Most Liked Posts' Widget","Surefire suite","Fri May 08 16:12:04 UTC 2026","failed","Fri May 08 16:12:14 UTC 2026","project_orangehrm.Test.Buzz_Features_Test","Surefire test","project_orangehrm.Test.Buzz_Features_Test","verifyMostLiked_Widget"
"","8945","TC04 - Verify Employee Claims Search by Event","Surefire suite","Fri May 08 16:13:36 UTC 2026","passed","Fri May 08 16:13:45 UTC 2026","project_orangehrm.Test.Claim_EmployeeClaims_Test","Surefire test","project_orangehrm.Test.Claim_EmployeeClaims_Test","verifyEmployeeClaims_SearchByEvent_Success"
"","25467","TC03 - Verify Shortlist Candidate","Surefire suite","Fri May 08 16:12:27 UTC 2026","broken","Fri May 08 16:12:53 UTC 2026","project_orangehrm.Test.Recruitment_CandidateWorkflow_Test","Surefire test","project_orangehrm.Test.Recruitment_CandidateWorkflow_Test","verifyCandidate_Shortlist_Success"
"","2833","TC05 - Cleanup Employee - Dev Sec Ops (ID: 0777)","Surefire suite","Fri May 08 16:21:37 UTC 2026","passed","Fri May 08 16:21:40 UTC 2026","project_orangehrm.TestCleaning.PIMTestCleaning","Surefire test","project_orangehrm.TestCleaning.PIMTestCleaning","cleanUpEmployee_DevSecOps"
"","28758","TC06 - Verify error when creating a duplicate Pay Grade","Surefire suite","Fri May 08 16:14:37 UTC 2026","passed","Fri May 08 16:15:05 UTC 2026","project_orangehrm.Test.AdminJobTest","Surefire test","project_orangehrm.Test.AdminJobTest","verifyPayGrade_DuplicateEntry_ShowError"
"","32973","TC01 - Positive: Verify Post Lifecycle (Create, View, Delete)","Surefire suite","Fri May 08 16:10:50 UTC 2026","passed","Fri May 08 16:11:23 UTC 2026","project_orangehrm.Test.Buzz_Newsfeed_Test","Surefire test","project_orangehrm.Test.Buzz_Newsfeed_Test","verifyPost_Lifecycle_Success"
"","4527","TC08 - Verify validation error for empty Unit Name in Structure","Surefire suite","Fri May 08 16:15:51 UTC 2026","passed","Fri May 08 16:15:56 UTC 2026","project_orangehrm.Test.AdminOrganizationTest","Surefire test","project_orangehrm.Test.AdminOrganizationTest","verifyStructure_EmptyFields_ShowError"
"","0","TC03 - Verify Punch Punch In/Out Verify, Edit, Delete Workflow","Surefire suite","Fri May 08 16:12:47 UTC 2026","skipped","Fri May 08 16:12:47 UTC 2026","project_orangehrm.Test.Time_Attendance_Test","Surefire test","project_orangehrm.Test.Time_Attendance_Test","verifyPunchIn_Out_Success_Edit"
"","1","TC03 - Verify Time at Work Stopwatch Integration","Surefire suite","Fri May 08 16:11:33 UTC 2026","skipped","Fri May 08 16:11:33 UTC 2026","project_orangehrm.Test.Dashboard_Widgets_Test","Surefire test","project_orangehrm.Test.Dashboard_Widgets_Test","verifyTimeWidget_ClockAction"
"","13131","TC16 - Verify Delete Project Activity","Surefire suite","Fri May 08 16:17:40 UTC 2026","broken","Fri May 08 16:17:54 UTC 2026","project_orangehrm.Test.Time_ProjectInfo_Test","Surefire test","project_orangehrm.Test.Time_ProjectInfo_Test","verifyProjectActivity_Delete_Success"
"","1","TC04 - Verify error when creating a duplicate Skill","Surefire suite","Fri May 08 16:12:46 UTC 2026","skipped","Fri May 08 16:12:46 UTC 2026","project_orangehrm.Test.Admin_Qualifications_Test","Surefire test","project_orangehrm.Test.Admin_Qualifications_Test","verifySkills_DuplicateEntry_ShowError"
"","33988","TC04 - Verify Holiday Lifecycle: Create, Verify, Delete","Surefire suite","Fri May 08 16:13:57 UTC 2026","passed","Fri May 08 16:14:31 UTC 2026","project_orangehrm.Test.Leave_Configuration_Test","Surefire test","project_orangehrm.Test.Leave_Configuration_Test","verifyHoliday_Lifecycle_Success"
"","21220","TC07 - Verify Employee Claims Approve Action","Surefire suite","Fri May 08 16:14:46 UTC 2026","broken","Fri May 08 16:15:07 UTC 2026","project_orangehrm.Test.Claim_EmployeeClaims_Test","Surefire test","project_orangehrm.Test.Claim_EmployeeClaims_Test","verifyEmployeeClaims_Approve_Success"
"","0","TC17 - Verify Membership Lifecycle: Create","Surefire suite","Fri May 08 16:13:44 UTC 2026","skipped","Fri May 08 16:13:44 UTC 2026","project_orangehrm.Test.Admin_Qualifications_Test","Surefire test","project_orangehrm.Test.Admin_Qualifications_Test","verifyMemberships_Lifecycle_Success"
"","6944","TC13 - Verify Skills Add","Surefire suite","Fri May 08 16:17:47 UTC 2026","passed","Fri May 08 16:17:54 UTC 2026","project_orangehrm.Test.PIM_EmployeeDetails_Test","Surefire test","project_orangehrm.Test.PIM_EmployeeDetails_Test","verifyQualifications_Skills_Add_Success"
"","1","TC01 - Verify Nationality Lifecycle: Create, Verify","Surefire suite","Fri May 08 16:11:15 UTC 2026","skipped","Fri May 08 16:11:15 UTC 2026","project_orangehrm.Test.Admin_Nationalities_Test","Surefire test","project_orangehrm.Test.Admin_Nationalities_Test","verifyNationality_Lifecycle_Success"
"","13205","TC10 - Verify My Entitlements Display","Surefire suite","Fri May 08 16:16:18 UTC 2026","broken","Fri May 08 16:16:31 UTC 2026","project_orangehrm.Test.Leave_ApplyLeave_Test","Surefire test","project_orangehrm.Test.Leave_ApplyLeave_Test","verifyMyEntitlements_Display_Success"
"","1","TC02 - Verify Email Subscription Lifecycle: Add, Verify, Edit, Delete","Surefire suite","Fri May 08 16:11:17 UTC 2026","skipped","Fri May 08 16:11:17 UTC 2026","project_orangehrm.Test.Admin_Configuration_Test","Surefire test","project_orangehrm.Test.Admin_Configuration_Test","verifyEmailSubscription_Lifecycle_Edit"
"","0","TC03 - Verify Employee Timesheet Approval (Admin Action)","Surefire suite","Fri May 08 16:12:57 UTC 2026","skipped","Fri May 08 16:12:57 UTC 2026","project_orangehrm.Test.Time_Timesheets_Test","Surefire test","project_orangehrm.Test.Time_Timesheets_Test","verifyEmployeeTimesheet_Approve"
"","1","TC01 - Verify Email Subscription Lifecycle: Add, Verify","Surefire suite","Fri May 08 16:11:04 UTC 2026","skipped","Fri May 08 16:11:04 UTC 2026","project_orangehrm.Test.Admin_Configuration_Test","Surefire test","project_orangehrm.Test.Admin_Configuration_Test","verifyEmailSubscription_Lifecycle_Success"
"","61330","TC03 - Verify Event Lifecycle: Create, Verify, Edit, Delete","Surefire suite","Fri May 08 16:12:33 UTC 2026","passed","Fri May 08 16:13:34 UTC 2026","project_orangehrm.Test.Claim_Configuration_Test","Surefire test","project_orangehrm.Test.Claim_Configuration_Test","verifyEvent_Lifecycle_Edit"
"","1","TC09 - Verify Social Media Authentication: Add Provider Validation","Surefire suite","Fri May 08 16:12:01 UTC 2026","skipped","Fri May 08 16:12:01 UTC 2026","project_orangehrm.Test.Admin_Configuration_Test","Surefire test","project_orangehrm.Test.Admin_Configuration_Test","verifySocialMedia_AddProvider_Validation"
"","2341","TC05 - Cleanup Work Shift - Night Shift - B","Surefire suite","Fri May 08 16:21:54 UTC 2026","passed","Fri May 08 16:21:56 UTC 2026","project_orangehrm.TestCleaning.AdminTestCleaning","Surefire test","project_orangehrm.TestCleaning.AdminTestCleaning","cleanUpWorkShift"
"","22410","TC06 - Verify Dependent Add","Surefire suite","Fri May 08 16:15:16 UTC 2026","passed","Fri May 08 16:15:38 UTC 2026","project_orangehrm.Test.PIM_EmployeeDetails_Test","Surefire test","project_orangehrm.Test.PIM_EmployeeDetails_Test","verifyDependent_Add_Success"
"","23550","TC01 - Verify Apply Leave Success","Surefire suite","Fri May 08 16:11:28 UTC 2026","broken","Fri May 08 16:11:52 UTC 2026","project_orangehrm.Test.Leave_ApplyLeave_Test","Surefire test","project_orangehrm.Test.Leave_ApplyLeave_Test","verifyApplyLeave_Success"
"","7508","TC05 - Verify validation error for empty Pay Grade Name","Surefire suite","Fri May 08 16:14:13 UTC 2026","passed","Fri May 08 16:14:21 UTC 2026","project_orangehrm.Test.AdminJobTest","Surefire test","project_orangehrm.Test.AdminJobTest","verifyPayGrade_EmptyFields_ShowError"
"","20161","TC08 - Verify Project Edit","Surefire suite","Fri May 08 16:14:47 UTC 2026","broken","Fri May 08 16:15:07 UTC 2026","project_orangehrm.Test.Time_ProjectInfo_Test","Surefire test","project_orangehrm.Test.Time_ProjectInfo_Test","verifyProject_Edit_Success"
"","7390","TC13 - Verify Job Category Lifecycle: Create, Verify, and Delete","Surefire suite","Fri May 08 16:17:57 UTC 2026","passed","Fri May 08 16:18:05 UTC 2026","project_orangehrm.Test.AdminJobTest","Surefire test","project_orangehrm.Test.AdminJobTest","verifyJobCategory_Lifecycle_Success"
"","18361","TC10 - Verify Reject Candidate","Surefire suite","Fri May 08 16:15:15 UTC 2026","broken","Fri May 08 16:15:33 UTC 2026","project_orangehrm.Test.Recruitment_CandidateWorkflow_Test","Surefire test","project_orangehrm.Test.Recruitment_CandidateWorkflow_Test","verifyCandidate_Reject_Success"
"","2923","TC01 - Cleanup KPI - Zero Production Bugs","Surefire suite","Fri May 08 16:20:49 UTC 2026","passed","Fri May 08 16:20:52 UTC 2026","project_orangehrm.TestCleaning.PerformanceTestCleaning","Surefire test","project_orangehrm.TestCleaning.PerformanceTestCleaning","cleanUpKPI_ZeroProductionBugs"
"","26859","TC07 - Verify Customer Duplicate","Surefire suite","Fri May 08 16:14:04 UTC 2026","passed","Fri May 08 16:14:30 UTC 2026","project_orangehrm.Test.Time_ProjectInfo_Test","Surefire test","project_orangehrm.Test.Time_ProjectInfo_Test","verifyCustomer_Duplicate_Error"
"","3021","TC15 - Verify Manage Reviews Search by Employee","Surefire suite","Fri May 08 16:18:10 UTC 2026","passed","Fri May 08 16:18:13 UTC 2026","project_orangehrm.Test.Performance_MyReviews_Test","Surefire test","project_orangehrm.Test.Performance_MyReviews_Test","verifyManageReviews_SearchByEmployee_Success"
"","22918","TC05 - Verify Emergency Contact Delete","Surefire suite","Fri May 08 16:14:39 UTC 2026","passed","Fri May 08 16:15:02 UTC 2026","project_orangehrm.Test.PIM_EmployeeDetails_Test","Surefire test","project_orangehrm.Test.PIM_EmployeeDetails_Test","verifyEmergencyContact_Delete_Success"
"","6915","TC14 - Verify Languages Add","Surefire suite","Fri May 08 16:18:00 UTC 2026","passed","Fri May 08 16:18:06 UTC 2026","project_orangehrm.Test.PIM_EmployeeDetails_Test","Surefire test","project_orangehrm.Test.PIM_EmployeeDetails_Test","verifyQualifications_Languages_Add_Success"
"","19019","TC10 - Verify updating an existing Job Title","Surefire suite","Fri May 08 16:16:40 UTC 2026","passed","Fri May 08 16:16:59 UTC 2026","project_orangehrm.Test.AdminJobTest","Surefire test","project_orangehrm.Test.AdminJobTest","verifyJobTitle_Update_Success"
"","2085","TC02 - Cleanup Reporting Method - Weekly Scrum Report","Surefire suite","Fri May 08 16:21:13 UTC 2026","passed","Fri May 08 16:21:15 UTC 2026","project_orangehrm.TestCleaning.PIMTestCleaning","Surefire test","project_orangehrm.TestCleaning.PIMTestCleaning","cleanUpReportingMethod_WeeklyScrumReport"
"","0","TC07 - Verify validation error for empty Education Level","Surefire suite","Fri May 08 16:13:03 UTC 2026","skipped","Fri May 08 16:13:03 UTC 2026","project_orangehrm.Test.Admin_Qualifications_Test","Surefire test","project_orangehrm.Test.Admin_Qualifications_Test","verifyEducation_EmptyFields_ShowError"
"","0","TC06 - Verify Language Packages Lifecycle: Add, Verify, Delete","Surefire suite","Fri May 08 16:11:45 UTC 2026","skipped","Fri May 08 16:11:45 UTC 2026","project_orangehrm.Test.Admin_Configuration_Test","Surefire test","project_orangehrm.Test.Admin_Configuration_Test","verifyLanguagePackages_Lifecycle_Success"
"","22660","TC04 - Negative: Verify Post Creation with Empty Content","Surefire suite","Fri May 08 16:13:40 UTC 2026","broken","Fri May 08 16:14:03 UTC 2026","project_orangehrm.Test.Buzz_Newsfeed_Test","Surefire test","project_orangehrm.Test.Buzz_Newsfeed_Test","verifyEmptyPost_Error"
"","5484","TC03 - Negative: Verify error message when required fields are empty","Surefire suite","Fri May 08 16:11:21 UTC 2026","passed","Fri May 08 16:11:27 UTC 2026","project_orangehrm.Test.LoginTest","Surefire test","project_orangehrm.Test.LoginTest","verifyLogin_EmptyFields_ShowRequiredMessage"
"","1","TC03 - Search Employee Entitlements","Surefire suite","Fri May 08 16:12:01 UTC 2026","skipped","Fri May 08 16:12:01 UTC 2026","project_orangehrm.Test.Leave_Entitlements_Test","Surefire test","project_orangehrm.Test.Leave_Entitlements_Test","verifyEmployeeEntitlements_Search_Success"
"","7729","TC17 - Verify Work Shift Lifecycle: Create, Verify, and Delete","Surefire suite","Fri May 08 16:19:17 UTC 2026","passed","Fri May 08 16:19:25 UTC 2026","project_orangehrm.Test.AdminJobTest","Surefire test","project_orangehrm.Test.AdminJobTest","verifyWorkShift_Lifecycle_Success"
"","34021","TC02 - Verify Personal Details Edit","Surefire suite","Fri May 08 16:12:04 UTC 2026","broken","Fri May 08 16:12:38 UTC 2026","project_orangehrm.Test.PIM_EmployeeDetails_Test","Surefire test","project_orangehrm.Test.PIM_EmployeeDetails_Test","verifyPersonalDetails_Edit_Success"
"","11315","TC02 - Cleanup Candidate - Decline Candidate","Surefire suite","Fri May 08 16:21:18 UTC 2026","passed","Fri May 08 16:21:29 UTC 2026","project_orangehrm.TestCleaning.RecruitmentTestCleaning","Surefire test","project_orangehrm.TestCleaning.RecruitmentTestCleaning","cleanUpCandidate_DeclineCandidate"
"","23138","TC03 - Verify Select All Checkbox","Surefire suite","Fri May 08 16:13:54 UTC 2026","broken","Fri May 08 16:14:17 UTC 2026","project_orangehrm.Test.Maintenance_Safety_Test","Surefire test","project_orangehrm.Test.Maintenance_Safety_Test","verifyPurge_SelectAll_Functionality"
"","24516","TC02 - Verify Apply Leave Validation - Empty Fields","Surefire suite","Fri May 08 16:12:29 UTC 2026","failed","Fri May 08 16:12:54 UTC 2026","project_orangehrm.Test.Leave_ApplyLeave_Test","Surefire test","project_orangehrm.Test.Leave_ApplyLeave_Test","verifyApplyLeave_EmptyFields_ShowError"
"","11486","TC01 - Verify Cancel Button on Password Screen","Surefire suite","Fri May 08 16:12:35 UTC 2026","passed","Fri May 08 16:12:47 UTC 2026","project_orangehrm.Test.Maintenance_Safety_Test","Surefire test","project_orangehrm.Test.Maintenance_Safety_Test","verifyAccess_Cancel_Redirection"
"","6641","TC02 - Verify Project Add","Foundation_Suite","Fri May 08 16:09:08 UTC 2026","passed","Fri May 08 16:09:15 UTC 2026","project_orangehrm.Test.Time_ProjectInfo_Test","Foundation_Data_Seeding","project_orangehrm.Test.Time_ProjectInfo_Test","verifyProject_Add_Success"
"","37247","TC02 - Verify Candidate Declines Job Offer","Surefire suite","Fri May 08 16:11:16 UTC 2026","broken","Fri May 08 16:11:53 UTC 2026","project_orangehrm.Test.Recruitment_Candidate_E2E_Test","Surefire test","project_orangehrm.Test.Recruitment_Candidate_E2E_Test","verifyCandidate_OfferDeclined_Flow"
"","29751","TC01 - Verify Search Candidate by Name and Status","Surefire suite","Fri May 08 16:11:16 UTC 2026","broken","Fri May 08 16:11:46 UTC 2026","project_orangehrm.Test.Recruitment_Search_And_Data_Test","Surefire test","project_orangehrm.Test.Recruitment_Search_And_Data_Test","verifyCandidate_Search_Success"
"","1","setup","Surefire suite","Fri May 08 16:11:48 UTC 2026","failed","Fri May 08 16:11:48 UTC 2026","project_orangehrm.Test.AdminUserManagementTest","Surefire test","project_orangehrm.Test.AdminUserManagementTest","setup"
"","35576","TC03 - Verify Contact Details Update","Surefire suite","Fri May 08 16:13:07 UTC 2026","passed","Fri May 08 16:13:43 UTC 2026","project_orangehrm.Test.PIM_EmployeeDetails_Test","Surefire test","project_orangehrm.Test.PIM_EmployeeDetails_Test","verifyContactDetails_Update_Success"
"","19262","TC07 - Verify Reporting Method Lifecycle: Create, Verify, Edit, Delete","Surefire suite","Fri May 08 16:15:26 UTC 2026","failed","Fri May 08 16:15:46 UTC 2026","project_orangehrm.Test.PIM_Configuration_Test","Surefire test","project_orangehrm.Test.PIM_Configuration_Test","verifyReportingMethod_Lifecycle_Edit"
"","9597","TC06 - Verify Customer Validation","Surefire suite","Fri May 08 16:13:34 UTC 2026","passed","Fri May 08 16:13:44 UTC 2026","project_orangehrm.Test.Time_ProjectInfo_Test","Surefire test","project_orangehrm.Test.Time_ProjectInfo_Test","verifyCustomer_Validation_Error"
"","24515","TC03 - Positive: Verify Edit Post","Surefire suite","Fri May 08 16:12:58 UTC 2026","passed","Fri May 08 16:13:22 UTC 2026","project_orangehrm.Test.Buzz_Newsfeed_Test","Surefire test","project_orangehrm.Test.Buzz_Newsfeed_Test","verifyPost_Edit_Success"
"","15554","TC10 - Verify Leave List View Details","Surefire suite","Fri May 08 16:16:21 UTC 2026","broken","Fri May 08 16:16:37 UTC 2026","project_orangehrm.Test.Leave_LeaveList_Test","Surefire test","project_orangehrm.Test.Leave_LeaveList_Test","verifyLeaveList_ViewDetails_Success"
"","1","TC01 - Verify Core Dashboard Widgets are Visible","Surefire suite","Fri May 08 16:11:17 UTC 2026","skipped","Fri May 08 16:11:17 UTC 2026","project_orangehrm.Test.Dashboard_Widgets_Test","Surefire test","project_orangehrm.Test.Dashboard_Widgets_Test","verifyWidgets_Visibility"
"","12896","TC02 - Verify Add Employee with Login Details (Create User Account)","Foundation_Suite","Fri May 08 16:06:30 UTC 2026","passed","Fri May 08 16:06:43 UTC 2026","project_orangehrm.Test.PIM_Employee_Test","Foundation_Data_Seeding","project_orangehrm.Test.PIM_Employee_Test","verifyEmployee_WithLoginDetails_Success"
"","0","TC10 - Verify OAuth Client Lifecycle: Create, Verify, Delete","Surefire suite","Fri May 08 16:12:07 UTC 2026","skipped","Fri May 08 16:12:07 UTC 2026","project_orangehrm.Test.Admin_Configuration_Test","Surefire test","project_orangehrm.Test.Admin_Configuration_Test","verifyOAuthClient_Lifecycle_Success"
"","1","TC09 - Verify Search by Status Filter","Surefire suite","Fri May 08 16:12:21 UTC 2026","skipped","Fri May 08 16:12:21 UTC 2026","project_orangehrm.Test.AdminUserManagementTest","Surefire test","project_orangehrm.Test.AdminUserManagementTest","verifyUserManagement_SearchByStatus_Success"
"","14286","TC06 - Verify My Reviews Filter by To Date","Surefire suite","Fri May 08 16:15:14 UTC 2026","broken","Fri May 08 16:15:28 UTC 2026","project_orangehrm.Test.Performance_MyReviews_Test","Surefire test","project_orangehrm.Test.Performance_MyReviews_Test","verifyMyReviews_FilterByToDate_Success"
"","15176","TC02 - Assign Leave Insufficient Balance Warning","Surefire suite","Fri May 08 16:11:31 UTC 2026","passed","Fri May 08 16:11:46 UTC 2026","project_orangehrm.Test.Leave_Operations_Test","Surefire test","project_orangehrm.Test.Leave_Operations_Test","verifyAssignLeave_InsufficientBalance_Check"
"","12863","TC13 - Verify My Claims View Details","Surefire suite","Fri May 08 16:17:11 UTC 2026","broken","Fri May 08 16:17:24 UTC 2026","project_orangehrm.Test.Claim_EmployeeClaims_Test","Surefire test","project_orangehrm.Test.Claim_EmployeeClaims_Test","verifyMyClaims_ViewDetails_Success"
"","58953","TC02 - Verify Submit, Edit Claim Logic","Surefire suite","Fri May 08 16:12:33 UTC 2026","broken","Fri May 08 16:13:32 UTC 2026","project_orangehrm.Test.Claim_Operations_Test","Surefire test","project_orangehrm.Test.Claim_Operations_Test","verifyClaim_Edit"
"","0","TC06 - Verify Education Level Lifecycle: Create, Edit, Delete","Surefire suite","Fri May 08 16:12:58 UTC 2026","skipped","Fri May 08 16:12:58 UTC 2026","project_orangehrm.Test.Admin_Qualifications_Test","Surefire test","project_orangehrm.Test.Admin_Qualifications_Test","verifyEducation_Lifecycle_Edit"
"","16703","TC03 - Verify KPI Validation Errors","Surefire suite","Fri May 08 16:12:48 UTC 2026","passed","Fri May 08 16:13:05 UTC 2026","project_orangehrm.Test.Performance_Configuration_Test","Surefire test","project_orangehrm.Test.Performance_Configuration_Test","verifyKPI_EmptyFields_Error"
"","12838","TC11 - Verify Project Search by Customer","Surefire suite","Fri May 08 16:16:08 UTC 2026","broken","Fri May 08 16:16:21 UTC 2026","project_orangehrm.Test.Time_ProjectInfo_Test","Surefire test","project_orangehrm.Test.Time_ProjectInfo_Test","verifyProject_SearchByCustomer_Success"
"","5938","TC04 - Verify Directory Multiple Filters","Surefire suite","Fri May 08 16:13:20 UTC 2026","passed","Fri May 08 16:13:26 UTC 2026","project_orangehrm.Test.Directory_Test","Surefire test","project_orangehrm.Test.Directory_Test","verifyDirectory_MultipleFilters_Success"
"","12228","TC08 - Verify My Trackers Page Display","Surefire suite","Fri May 08 16:16:03 UTC 2026","failed","Fri May 08 16:16:16 UTC 2026","project_orangehrm.Test.Performance_MyReviews_Test","Surefire test","project_orangehrm.Test.Performance_MyReviews_Test","verifyMyTrackers_Display_Success"
"","22636","TC02 - Verify Employee Claims Search by Employee","Surefire suite","Fri May 08 16:12:15 UTC 2026","passed","Fri May 08 16:12:38 UTC 2026","project_orangehrm.Test.Claim_EmployeeClaims_Test","Surefire test","project_orangehrm.Test.Claim_EmployeeClaims_Test","verifyEmployeeClaims_SearchByEmployee_Success"
"","0","TC18 - Verify Membership Lifecycle: Create, Edit, Delete","Surefire suite","Fri May 08 16:13:48 UTC 2026","skipped","Fri May 08 16:13:48 UTC 2026","project_orangehrm.Test.Admin_Qualifications_Test","Surefire test","project_orangehrm.Test.Admin_Qualifications_Test","verifyMemberships_Lifecycle_Edit"
"","9805","TC01 - Verify Customer Add","Foundation_Suite","Fri May 08 16:08:47 UTC 2026","passed","Fri May 08 16:08:57 UTC 2026","project_orangehrm.Test.Time_ProjectInfo_Test","Foundation_Data_Seeding","project_orangehrm.Test.Time_ProjectInfo_Test","verifyCustomer_Add_Success"
"","0","TC12 - Verify error when creating a duplicate License","Surefire suite","Fri May 08 16:13:27 UTC 2026","skipped","Fri May 08 16:13:27 UTC 2026","project_orangehrm.Test.Admin_Qualifications_Test","Surefire test","project_orangehrm.Test.Admin_Qualifications_Test","verifyLicenses_DuplicateEntry_ShowError"
"","9097","TC16 - Verify Membership Add","Surefire suite","Fri May 08 16:18:34 UTC 2026","passed","Fri May 08 16:18:44 UTC 2026","project_orangehrm.Test.PIM_EmployeeDetails_Test","Surefire test","project_orangehrm.Test.PIM_EmployeeDetails_Test","verifyMembership_Add_Success"
"","22445","TC02 - Verify Canceling Purge Action in Modal","Surefire suite","Fri May 08 16:13:16 UTC 2026","broken","Fri May 08 16:13:39 UTC 2026","project_orangehrm.Test.Maintenance_Safety_Test","Surefire test","project_orangehrm.Test.Maintenance_Safety_Test","verifyPurge_Modal_Cancel"
"","4223","TC13 - Verify Project Search by Admin","Surefire suite","Fri May 08 16:16:49 UTC 2026","passed","Fri May 08 16:16:53 UTC 2026","project_orangehrm.Test.Time_ProjectInfo_Test","Surefire test","project_orangehrm.Test.Time_ProjectInfo_Test","verifyProject_SearchByAdmin_Success"
